criterion,dutyName.x.x,dutyTel3,hpid,hv1,hv10,hv11,hv12,hv2,hv3,hv4,hv5,hv6,hv7,hv8,hv9,hvamyn,hvangioayn,hvcc,hvccc,hvctayn,hvec,hvgc,hvicc,hvidate,hvmriayn,hvncc,hvoc,hvventiayn,phpid,rnum,dutyName.y,mkioskty25,mkioskty1,mkioskty2,mkioskty3,mkioskty4,mkioskty5,mkioskty6,mkioskty7,mkioskty8,mkioskty9,mkioskty10,mkioskty11,dutyName.x.y,score
2,의료법인강릉동인병원,033-650-6105,A2200005,0,0,0,0,6,0,0,Y,0,Y,0,0,Y,N,0,0,Y,17,64,1,2.02E+13,Y,0,5,Y,A2200005,1,의료법인강릉동인병원,Y,N,N,Y,Y,Y,Y,N,Y,Y,N,Y,의료법인강릉동인병원,115.2688319
3,강릉아산병원,033-610-3333,A2200008,0,Y,Y,0,0,1,0,Y,1,Y,0,0,Y,N,0,0,Y,14,62,0,2.02E+13,Y,6,13,Y,A2200008,3,강릉아산병원,Y,Y,N,Y,Y,Y,Y,Y,Y,Y,Y,N,강릉아산병원,163.998298
2,강원도삼척의료원,033-570-7431,A2200007,0,0,Y,0,0,0,0,Y,0,0,0,0,Y,N,0,0,Y,18,15,1,2.02E+13,Y,0,2,Y,A2200007,6,강원도삼척의료원,N,Y,N,N,Y,N,Y,N,N,Y,N,N,강원도삼척의료원,74.27014162
1,강원도속초의료원,033-630-6036,A2200012,0,0,0,0,0,0,0,Y,0,0,0,0,Y,N,0,0,Y,19,59,3,2.02E+13,Y,0,3,Y,A2200012,7,강원도속초의료원,Y,N,N,N,Y,N,N,N,Y,N,N,N,강원도속초의료원,51.66141225
1,의료법인보광의료재단속초보광병원,033-639-8989,A2200046,0,0,0,0,0,0,0,Y,0,0,0,0,Y,N,0,0,Y,8,37,6,2.02E+13,Y,0,4,Y,A2200046,8,의료법인보광의료재단속초보광병원,Y,N,N,N,Y,N,N,N,N,N,N,Y,의료법인보광의료재단속초보광병원,55.58392276
2,강원도원주의료원,033-760-4701,A2200015,0,0,0,0,0,0,0,Y,0,0,0,0,Y,N,0,0,Y,4,148,3,2.02E+13,Y,0,3,Y,A2200015,11,강원도원주의료원,N,N,N,N,Y,N,Y,Y,Y,N,N,N,강원도원주의료원,68.43513339
1,의료법인성지의료재단성지병원,033-760-3119,A2200024,0,0,0,0,0,0,0,Y,0,0,0,0,Y,N,0,0,Y,8,90,0,2.02E+13,Y,0,6,Y,A2200024,12,의료법인성지의료재단성지병원,Y,N,Y,N,Y,N,Y,N,N,N,N,N,의료법인성지의료재단성지병원,54.76277549
1,연세대학교 원주세브란스기독병원,033-741-0119,A2200001,0,Y,Y,0,1,2,0,Y,1,Y,0,4,Y,N,0,0,Y,15,91,0,2.02E+13,Y,17,15,Y,A2200001,13,연세대학교,Y,Y,N,Y,Y,Y,Y,Y,Y,Y,Y,Y,연세대학교 원주세브란스기독병원,188.2353395
3,강원대학교병원,033-258-2245,A2200009,0,Y,Y,0,0,0,0,Y,1,Y,0,0,Y,N,0,0,Y,14,143,0,2.02E+13,Y,10,11,Y,A2200009,16,강원대학교병원,Y,Y,N,Y,Y,Y,Y,N,Y,Y,Y,Y,강원대학교병원,171.9761818
2,한림대학교춘천성심병원,033-240-5219,A2200013,0,Y,Y,0,0,0,0,Y,0,Y,0,0,Y,N,0,0,Y,16,42,0,2.02E+13,Y,0,9,Y,A2200013,17,한림대학교춘천성심병원,Y,N,N,Y,Y,Y,Y,N,Y,Y,N,N,한림대학교춘천성심병원,118.3731097
2,근로복지공단태백병원,033-580-3119,A2200004,0,0,0,0,0,0,0,Y,0,0,0,0,Y,N,0,0,Y,9,73,11,2.02E+13,Y,0,2,Y,A2200004,18,근로복지공단태백병원,Y,N,N,N,Y,N,N,N,N,Y,N,N,근로복지공단태백병원,44.30360189
1,홍천아산병원,033-430-5119,A2200014,0,0,0,0,0,0,0,Y,0,0,0,0,Y,N,0,0,Y,10,19,1,2.02E+13,Y,0,2,Y,A2200014,20,홍천아산병원,Y,N,N,Y,Y,N,Y,N,Y,Y,N,N,홍천아산병원,62.51891278
1,횡성대성병원,033-345-1191,A2200016,0,0,0,0,0,0,0,Y,0,0,0,0,Y,N,0,0,Y,10,30,0,2.02E+13,Y,0,0,Y,A2200016,22,횡성대성병원,Y,N,N,Y,Y,N,N,N,Y,N,N,N,횡성대성병원,56.0760977
3,의료법인명지의료재단명지병원,031-810-7119,A2100042,0,Y,Y,0,0,0,0,Y,0,Y,0,0,Y,N,0,0,Y,10,108,6,2.02E+13,Y,3,8,Y,A2100042,23,의료법인명지의료재단명지병원,Y,Y,Y,Y,Y,Y,Y,Y,Y,Y,Y,Y,의료법인명지의료재단명지병원,170.2648416
2,동국대학교일산불교병원,031-961-7777,A2100047,0,Y,Y,0,0,5,0,Y,0,Y,0,0,Y,N,0,0,Y,13,159,0,2.02E+13,Y,13,10,Y,A2100047,24,동국대학교일산불교병원,Y,Y,N,Y,Y,Y,Y,N,Y,Y,Y,Y,동국대학교일산불교병원,179.3743936
2,국민건강보험공단일산병원,1577-0013,A2100033,0,Y,Y,0,0,10,0,Y,0,Y,0,0,Y,N,0,0,Y,1,341,0,2.02E+13,Y,4,2,Y,A2100033,25,국민건강보험공단일산병원,N,N,N,N,Y,N,N,N,N,N,N,N,국민건강보험공단일산병원,120.4594463
2,인제대학교일산백병원,031-910-7119,A2100038,0,Y,Y,0,3,4,0,Y,0,Y,0,0,Y,N,0,0,Y,17,134,0,2.02E+13,Y,-1,13,Y,A2100038,27,인제대학교일산백병원,N,Y,N,N,Y,Y,N,Y,Y,N,Y,Y,인제대학교일산백병원,176.3846099
2,광명성애병원,02-2680-7115,A2100007,0,Y,Y,0,0,0,0,Y,0,Y,0,0,Y,N,0,0,Y,8,62,4,2.02E+13,Y,0,5,Y,A2100007,28,광명성애병원,Y,N,N,N,Y,Y,Y,Y,Y,Y,N,N,광명성애병원,112.9473471
2,참조은병원,031-881-9119,A2100155,0,0,0,0,0,0,0,Y,0,Y,0,0,Y,N,0,0,Y,17,46,4,2.02E+13,Y,0,5,Y,A2100155,29,참조은병원,N,N,N,N,Y,N,N,N,N,N,N,N,참조은병원,55.90689207
3,한양대학교구리병원,NA,A2100039,0,Y,Y,0,3,4,0,Y,0,Y,0,0,Y,N,0,0,Y,8,111,0,2.02E+13,Y,7,9,Y,A2100039,30,한양대학교구리병원,N,N,N,N,Y,N,N,Y,Y,Y,Y,Y,한양대학교구리병원,146.0102223
2,효산의료재단지샘병원,031-389-3119,A2100054,0,0,0,0,0,0,0,Y,0,Y,0,0,Y,N,0,0,Y,10,81,2,2.02E+13,Y,0,5,Y,A2100054,31,효산의료재단지샘병원,Y,N,N,Y,Y,Y,Y,N,Y,Y,N,N,효산의료재단지샘병원,90.22474851
3,원광대학교산본병원,031-390-2345,A2100048,0,0,0,0,0,0,0,Y,0,Y,0,0,Y,N,0,0,Y,18,95,6,2.02E+13,Y,0,5,Y,A2100048,32,원광대학교산본병원,Y,N,N,Y,Y,Y,Y,N,Y,Y,N,N,원광대학교산본병원,91.33344808
3,의료법인우리의료재단김포우리병원,031-999-1119,A2100053,0,0,0,0,0,0,0,Y,0,Y,0,0,Y,N,0,0,Y,12,65,7,2.02E+13,Y,0,6,Y,A2100053,33,의료법인우리의료재단김포우리병원,Y,N,N,Y,Y,Y,Y,Y,Y,Y,N,N,의료법인우리의료재단김포우리병원,95.74679316
3,의료법인인봉의료재단뉴고려병원,031-980-9119,A2100006,0,0,0,0,0,0,0,Y,0,Y,0,0,Y,N,0,0,Y,16,70,0,2.02E+13,Y,0,5,Y,A2100006,34,의료법인인봉의료재단뉴고려병원,Y,N,Y,Y,Y,Y,Y,Y,Y,N,N,N,의료법인인봉의료재단뉴고려병원,95.90047481
2,남양주한양병원,031-510-0119,A2100041,0,0,0,0,0,0,0,Y,0,Y,0,0,Y,N,0,0,Y,17,99,11,2.02E+13,Y,0,5,Y,A2100041,35,남양주한양병원,Y,N,N,Y,Y,Y,Y,Y,Y,Y,N,N,남양주한양병원,97.28729504
1,현대병원,031-574-0114,A2100037,0,0,0,0,0,0,0,Y,0,Y,0,0,Y,N,0,0,Y,7,30,1,2.02E+13,Y,0,7,Y,A2100037,37,현대병원,Y,N,Y,Y,Y,N,Y,N,Y,Y,N,N,현대병원,78.56853326
1,가톨릭대학교부천성모병원,032-340-2100,A2100052,0,Y,Y,0,3,2,0,Y,1,Y,0,0,Y,N,0,0,Y,9,112,0,2.02E+13,Y,6,9,Y,A2100052,38,가톨릭대학교부천성모병원,N,N,N,N,Y,N,N,N,N,N,N,N,가톨릭대학교부천성모병원,104.879964
3,순천향대학교부속부천병원,032-621-5117,A2100005,0,Y,Y,0,3,1,0,Y,0,Y,0,0,Y,N,0,0,Y,8,107,0,2.02E+13,Y,10,17,Y,A2100005,39,순천향대학교부속부천병원,N,N,N,N,Y,N,N,N,N,N,N,N,순천향대학교부속부천병원,105.9121564
3,의료법인대인의료재단다니엘종합병원,032-670-0119,A2100050,0,0,0,0,2,2,0,Y,0,0,0,0,Y,N,0,0,Y,11,55,0,2.02E+13,Y,0,5,Y,A2100050,40,의료법인대인의료재단다니엘종합병원,Y,N,N,N,Y,N,Y,N,Y,Y,N,N,의료법인대인의료재단다니엘종합병원,67.15588004
3,의료법인혜원의료재단세종병원,032-340-1119,A2100055,0,Y,Y,0,0,0,0,Y,0,Y,0,0,Y,N,0,0,Y,19,93,5,2.02E+13,Y,0,6,Y,A2100055,41,의료법인혜원의료재단세종병원,Y,Y,N,Y,Y,Y,N,N,Y,Y,N,N,의료법인혜원의료재단세종병원,128.7803664
2,분당서울대학교병원,031-787-3119,A2100001,0,0,Y,0,1,4,0,Y,0,Y,0,0,Y,N,0,0,Y,-25,108,0,2.02E+13,Y,0,37,Y,A2100001,42,분당서울대학교병원,N,Y,N,Y,Y,Y,Y,N,Y,Y,Y,Y,분당서울대학교병원,183.3250367
3,대진의료재단분당제생병원,031-779-0119,A2100025,0,Y,Y,0,2,10,0,Y,0,Y,0,0,Y,N,0,0,Y,15,259,0,2.02E+13,Y,3,9,Y,A2100025,44,대진의료재단분당제생병원,Y,N,N,Y,Y,Y,Y,N,Y,N,N,N,대진의료재단분당제생병원,157.9281723
3,차의과학대학교분당차병원,031-780-5840,A2100030,0,Y,Y,0,0,1,0,Y,1,Y,0,0,Y,N,0,0,Y,3,94,0,2.02E+13,Y,6,20,Y,A2100030,45,차의과학대학교분당차병원,Y,Y,N,Y,Y,Y,Y,N,Y,Y,Y,Y,차의과학대학교분당차병원,177.9241797
2,순천의료재단정병원,031-750-6003,A2100016,0,0,0,0,0,0,0,Y,0,0,0,0,Y,N,0,0,Y,12,84,2,2.02E+13,Y,0,5,Y,A2100016,46,순천의료재단정병원,Y,N,Y,N,Y,N,Y,Y,Y,Y,N,N,순천의료재단정병원,66.5839632
3,성남중앙병원,031-799-5366,A2100011,0,0,0,0,0,0,0,Y,0,0,0,0,Y,N,0,0,Y,8,108,2,2.02E+13,Y,0,4,Y,A2100011,47,성남중앙병원,Y,N,N,Y,Y,N,Y,N,N,Y,N,N,성남중앙병원,62.75681618
2,아주대학교병원,031-219-7700,A2100002,0,Y,Y,0,4,2,0,Y,1,Y,0,15,Y,N,0,3,Y,8,109,0,2.02E+13,Y,5,25,Y,A2100002,48,아주대학교병원,Y,Y,N,Y,Y,Y,Y,Y,Y,Y,N,Y,아주대학교병원,200.8521377
3,의료법인녹산의료재단동수원병원,031-210-0119,A2100009,0,0,Y,0,0,0,0,Y,0,Y,0,0,Y,N,0,0,Y,15,104,5,2.02E+13,Y,0,5,Y,A2100009,50,의료법인녹산의료재단동수원병원,Y,N,N,Y,Y,Y,Y,N,Y,Y,N,N,의료법인녹산의료재단동수원병원,104.9584651
2,가톨릭대학교성빈센트병원,031-249-7364,A2100012,0,Y,Y,0,3,0,0,Y,1,Y,0,0,Y,N,0,1,Y,6,186,0,2.02E+13,Y,9,18,Y,A2100012,51,가톨릭대학교성빈센트병원,Y,Y,N,Y,Y,Y,Y,Y,Y,Y,Y,Y,가톨릭대학교성빈센트병원,193.0641472
3,의료법인석경의료재단센트럴병원,031-8041-3019,A2100027,0,0,0,0,0,0,0,Y,0,0,0,0,Y,N,0,0,Y,20,41,6,2.02E+13,Y,0,3,Y,A2100027,52,의료법인석경의료재단센트럴병원,Y,N,N,N,Y,N,Y,Y,Y,Y,N,N,의료법인석경의료재단센트럴병원,61.73837826
2,의료법인녹향의료재단신천연합병원,031-310-6662,A2100013,0,0,0,0,0,0,0,Y,0,0,0,0,Y,N,0,0,Y,7,59,1,2.02E+13,Y,0,3,Y,A2100013,53,의료법인녹향의료재단신천연합병원,N,N,N,N,Y,N,Y,N,Y,N,N,N,의료법인녹향의료재단신천연합병원,56.91473797
2,의료법인남촌의료재단시흥시화병원,031-8041-5819,A2100008,0,0,0,0,0,0,0,Y,0,0,0,0,Y,N,0,0,Y,6,22,8,2.02E+13,Y,0,3,Y,A2100008,54,의료법인남촌의료재단시흥시화병원,Y,N,N,N,Y,N,Y,N,Y,Y,N,N,의료법인남촌의료재단시흥시화병원,54.4485658
3,대아의료재단한도병원,031-8040-1129,A2100017,0,0,0,0,0,0,0,Y,0,Y,0,0,Y,N,0,0,Y,17,83,5,2.02E+13,Y,0,4,Y,A2100017,55,대아의료재단한도병원,Y,N,Y,Y,Y,Y,Y,N,Y,N,N,N,대아의료재단한도병원,90.24943862
3,단원병원,031-8040-5911,A2100021,0,0,0,0,0,0,0,Y,0,Y,0,0,Y,N,0,0,Y,13,9,3,2.02E+13,Y,0,3,Y,A2100021,56,단원병원,Y,N,N,Y,Y,Y,Y,N,Y,N,N,N,단원병원,83.90020897
3,고려대학교의과대학부속안산병원,031-412-5381,A2100003,0,Y,Y,0,0,0,0,Y,0,Y,0,0,Y,N,0,0,Y,11,113,4,2.02E+13,Y,6,0,Y,A2100003,57,고려대학교의과대학부속안산병원,Y,Y,N,Y,Y,Y,Y,Y,Y,Y,Y,Y,고려대학교의과대학부속안산병원,163.5092244
3,근로복지공단안산병원,031-500-1119,A2100014,0,0,0,0,0,0,0,Y,0,0,0,0,Y,N,0,0,Y,7,113,9,2.02E+13,Y,0,3,Y,A2100014,58,근로복지공단안산병원,Y,N,N,Y,Y,N,Y,N,Y,Y,N,N,근로복지공단안산병원,69.47641696
1,한림대학교성심병원,031-380-4130,A2100004,0,Y,Y,0,4,0,0,Y,0,Y,0,0,Y,N,0,3,Y,14,91,0,2.02E+13,Y,8,18,Y,A2100004,61,한림대학교성심병원,Y,Y,N,Y,Y,Y,Y,Y,Y,Y,Y,Y,한림대학교성심병원,186.1900265
2,효산의료재단안양샘병원,031-467-9119,A2100015,0,0,0,0,0,0,0,Y,0,Y,0,0,Y,N,0,0,Y,14,45,0,2.02E+13,Y,0,6,Y,A2100015,62,효산의료재단안양샘병원,N,N,N,Y,Y,Y,Y,N,Y,Y,N,N,효산의료재단안양샘병원,88.75948744
3,오산한국병원,031-378-5119,A2100024,0,Y,0,0,0,0,0,Y,0,Y,0,0,Y,N,0,0,Y,14,141,6,2.02E+13,Y,0,5,Y,A2100024,67,오산한국병원,Y,N,Y,Y,Y,Y,Y,Y,Y,Y,N,N,오산한국병원,114.7492619
2,조은오산병원,031-373-8119,A2114449,0,0,0,0,0,0,0,Y,0,0,0,0,Y,N,0,0,Y,10,120,0,2.02E+13,Y,0,4,N1,A2114449,68,조은오산병원,Y,N,Y,N,Y,N,Y,Y,Y,N,N,N,조은오산병원,62.34097687
2,연세대학교의과대학용인세브란스병원,031-5189-9001,A2100020,0,Y,Y,0,0,0,0,Y,0,Y,0,0,Y,N,0,0,Y,13,78,2,2.02E+13,Y,4,3,Y,A2100020,69,연세대학교의과대학용인세브란스병원,N,N,N,Y,Y,Y,Y,Y,Y,Y,N,N,연세대학교의과대학용인세브란스병원,121.4756
2,강남병원,031-300-0129,A2100029,0,0,0,0,0,0,0,Y,0,0,0,0,Y,N,0,0,Y,16,147,3,2.02E+13,Y,0,5,Y,A2100029,70,강남병원,Y,N,N,Y,Y,N,Y,Y,Y,Y,N,N,강남병원,79.28094775
2,(의)영문의료재단다보스병원,031-8021-2130,A2100019,0,0,0,0,0,0,0,Y,0,0,0,0,Y,N,0,0,Y,17,78,4,2.02E+13,Y,0,6,Y,A2100019,72,의,Y,N,N,N,Y,N,Y,Y,Y,Y,N,N,(의)영문의료재단다보스병원,66.57155313
2,의료법인영동의료재단의정부백병원,031-842-1211,A2100034,0,0,0,0,0,0,0,Y,0,0,0,0,Y,N,0,0,Y,6,42,0,2.02E+13,Y,0,3,Y,A2100034,73,의료법인영동의료재단의정부백병원,Y,N,N,N,Y,N,Y,N,Y,N,N,N,의료법인영동의료재단의정부백병원,55.76918125
1,가톨릭대학교의정부성모병원,031-820-5210,A2100040,0,Y,Y,0,0,0,0,Y,0,Y,0,4,Y,N,0,0,Y,27,228,2,2.02E+13,Y,9,12,Y,A2100040,74,가톨릭대학교의정부성모병원,N,Y,Y,N,Y,N,Y,Y,Y,Y,Y,Y,가톨릭대학교의정부성모병원,166.6846622
2,추병원,031-845-8313,A2100150,0,0,0,0,0,0,0,Y,0,Y,0,0,Y,N,0,0,Y,10,54,4,2.02E+13,N,0,3,Y,A2100150,75,추병원,Y,N,N,Y,Y,Y,Y,N,Y,Y,N,N,추병원,77.495815
2,경기도의료원이천병원,031-630-4333,A2100193,0,0,0,0,0,0,0,Y,0,0,0,0,Y,N,0,0,Y,19,79,4,2.02E+13,Y,0,4,Y,A2100193,77,경기도의료원이천병원,N,N,N,Y,Y,N,Y,N,Y,N,N,N,경기도의료원이천병원,68.32748619
1,경기도의료원파주병원,031-940-9129,A2100035,0,0,0,0,0,0,0,Y,0,0,0,0,Y,N,0,0,Y,20,192,8,2.02E+13,Y,0,3,Y,A2100035,78,경기도의료원파주병원,N,N,N,N,Y,N,Y,N,Y,N,N,N,경기도의료원파주병원,65.99626743
1,의료법인갈렌의료재단박병원,070-4832-4733,A2100309,0,0,0,0,0,0,0,Y,0,0,0,0,Y,N,0,0,Y,6,44,2,2.02E+13,Y,0,4,Y,A2100309,79,의료법인갈렌의료재단박병원,Y,N,N,Y,Y,N,N,Y,N,N,N,N,의료법인갈렌의료재단박병원,58.66780817
3,의료법인백송의료재단굿모닝병원,031-5182-7582,A2100028,0,0,0,0,0,0,0,Y,0,Y,0,0,Y,N,0,0,Y,10,57,4,2.02E+13,Y,0,6,Y,A2100028,80,의료법인백송의료재단굿모닝병원,Y,N,N,Y,Y,Y,Y,N,Y,Y,N,N,의료법인백송의료재단굿모닝병원,89.45972233
1,의료법인박애의료재단박애병원,031-650-9219,A2100022,0,0,0,0,0,0,0,Y,0,0,0,0,Y,N,0,0,Y,10,101,5,2.02E+13,Y,0,5,Y,A2100022,81,의료법인박애의료재단박애병원,Y,N,N,Y,Y,N,Y,Y,Y,N,N,N,의료법인박애의료재단박애병원,76.10533065
1,경기도의료원포천병원,031-539-9119,A2100031,0,0,Y,0,0,0,0,Y,0,0,0,0,Y,N,0,0,Y,20,129,9,2.02E+13,Y,0,4,Y,A2100031,84,경기도의료원포천병원,N,Y,N,N,Y,N,Y,N,Y,N,Y,N,경기도의료원포천병원,105.942596
3,한림대학교동탄성심병원,031-8086-2119,A2100046,0,Y,Y,0,4,1,0,Y,0,Y,0,0,Y,N,2,0,Y,17,234,0,2.02E+13,Y,0,14,Y,A2100046,86,한림대학교동탄성심병원,Y,Y,N,Y,Y,Y,Y,Y,Y,Y,Y,N,한림대학교동탄성심병원,182.4411048
1,의료법인은혜와감사의료재단화성중앙종합병원,031-371-7998,A2100018,0,0,0,0,0,0,0,Y,0,0,0,0,Y,N,0,0,Y,7,48,2,2.02E+13,Y,0,2,Y,A2100018,87,의료법인은혜와감사의료재단화성중앙종합병원,Y,N,N,N,Y,N,Y,Y,N,N,N,N,의료법인은혜와감사의료재단화성중앙종합병원,53.84925171
2,의료법인거붕백병원,055-733-0180,A2800008,0,0,0,0,0,0,0,Y,0,0,0,0,Y,N,0,0,Y,8,20,3,2.02E+13,Y,0,4,Y,A2800008,89,의료법인거붕백병원,Y,N,N,N,Y,N,Y,N,Y,N,N,N,의료법인거붕백병원,55.1822838
3,의료법인대우의료재단대우병원,055-680-8119,A2800005,0,0,0,0,0,0,0,Y,0,0,0,0,Y,N,0,0,Y,10,70,3,2.02E+13,Y,0,4,Y,A2800005,90,의료법인대우의료재단대우병원,Y,N,Y,N,Y,N,Y,N,Y,Y,N,N,의료법인대우의료재단대우병원,59.08099538
2,의료법인성념의료재단맑은샘병원,055-736-0119,A2800022,0,0,0,0,0,0,0,Y,0,0,0,0,Y,N,0,0,Y,9,1,0,2.02E+13,Y,0,2,Y,A2800022,91,의료법인성념의료재단맑은샘병원,N,N,N,N,Y,N,Y,N,N,Y,N,N,의료법인성념의료재단맑은샘병원,45.07911514
3,강일병원,055-822-0119,A2803677,0,0,0,0,0,0,0,Y,0,Y,0,0,Y,N,0,0,Y,6,21,0,2.02E+13,Y,0,3,Y,A2803677,93,강일병원,N,N,N,N,Y,N,N,Y,Y,N,N,N,강일병원,65.30827884
1,의료법인환명의료재단조은금강병원,055-330-0200,A2800010,0,0,0,0,0,0,0,Y,0,Y,0,0,Y,N,0,0,Y,6,69,4,2.02E+13,Y,0,0,Y,A2800010,94,의료법인환명의료재단조은금강병원,Y,N,N,N,Y,Y,Y,N,Y,Y,N,Y,의료법인환명의료재단조은금강병원,88.28670334
1,의료법인보원의료재단경희의료원교육협력중앙병원,055-330-6117,A2800016,0,0,0,0,0,0,0,Y,0,Y,0,0,Y,N,0,0,Y,13,59,11,2.02E+13,Y,0,9,Y,A2800016,95,의료법인보원의료재단경희의료원교육협력중앙병원,Y,Y,Y,Y,Y,Y,Y,Y,Y,Y,N,Y,의료법인보원의료재단경희의료원교육협력중앙병원,125.384375
1,의료법인갑을의료재단갑을장유병원,055-310-6119,A2800014,0,0,0,0,0,0,0,Y,0,0,0,0,Y,N,0,0,Y,19,36,0,2.02E+13,Y,0,4,Y,A2800014,96,의료법인갑을의료재단갑을장유병원,Y,N,N,N,Y,N,Y,Y,Y,Y,N,N,의료법인갑을의료재단갑을장유병원,62.20490317
2,의료법인숭인의료재단김해복음병원,055-330-8844,A2800006,0,0,0,0,0,0,0,Y,0,0,0,0,Y,N,0,0,Y,11,59,0,2.02E+13,Y,0,3,Y,A2800006,97,의료법인숭인의료재단김해복음병원,N,N,N,N,Y,N,N,N,Y,Y,N,N,의료법인숭인의료재단김해복음병원,51.47714349
1,의료법인생명사랑의료재단밀양윤병원,070-5130-3823,A2800057,0,0,0,0,0,0,0,Y,0,Y,0,0,Y,N,0,0,Y,9,55,0,2.02E+13,Y,0,2,Y,A2800057,99,의료법인생명사랑의료재단밀양윤병원,N,N,N,N,Y,Y,N,N,Y,Y,N,N,의료법인생명사랑의료재단밀양윤병원,71.50003162
2,의료법인승연의료재단 삼천포서울병원,055-830-9019,A2800068,0,0,0,0,0,0,0,Y,0,0,0,0,Y,N,0,0,Y,7,19,0,2.02E+13,Y,0,2,Y,A2800068,100,의료법인승연의료재단,N,N,N,N,Y,N,Y,Y,Y,Y,N,N,의료법인승연의료재단 삼천포서울병원,59.16655218
1,삼천포제일병원,055-830-3099,A2800101,0,0,0,0,0,0,0,Y,0,0,0,0,Y,N,0,0,Y,8,122,0,2.02E+13,Y,0,2,Y,A2800101,101,삼천포제일병원,N,N,N,N,Y,N,N,N,Y,Y,N,N,삼천포제일병원,54.74826901
2,양산부산대학교병원,055-360-1467,A2800011,0,Y,Y,0,2,8,0,Y,2,Y,0,0,Y,N,0,2,Y,3,150,0,2.02E+13,Y,5,23,Y,A2800011,102,양산부산대학교병원,Y,Y,N,Y,Y,Y,Y,N,Y,Y,Y,N,양산부산대학교병원,194.2238839
#N/A,웅상중앙병원,055-912-0119,A2803301,0,0,0,0,0,0,0,Y,0,Y,0,0,Y,N,0,0,Y,10,101,2,2.02E+13,Y,0,3,Y,A2803301,103,웅상중앙병원,Y,N,N,Y,Y,Y,Y,Y,Y,Y,N,N,웅상중앙병원,95.6186967
1,베데스다병원,055-781-9911,A2800019,0,0,0,0,0,0,0,Y,0,0,0,0,Y,N,0,0,Y,9,87,0,2.02E+13,Y,0,4,Y,A2800019,104,베데스다병원,N,N,N,N,Y,N,N,N,N,N,N,N,베데스다병원,46.86745742
2,경상대학교병원,055-750-8282,A2800001,0,Y,Y,0,2,3,0,Y,0,Y,0,0,Y,N,0,0,Y,6,136,0,2.02E+13,Y,12,13,Y,A2800001,106,경상대학교병원,Y,Y,N,Y,Y,Y,Y,N,Y,Y,Y,Y,경상대학교병원,180.6894375
2,반도병원,055-749-0200,A2800084,0,0,0,0,0,0,0,Y,0,0,0,0,Y,N,0,0,Y,7,43,0,2.02E+13,Y,0,3,Y,A2800084,107,반도병원,N,N,N,N,Y,N,N,N,N,Y,N,N,반도병원,43.09632389
2,진주고려병원,055-751-2525,A2800015,0,0,0,0,0,0,0,Y,0,Y,0,0,Y,N,0,0,Y,8,91,1,2.02E+13,Y,0,3,Y,A2800015,108,진주고려병원,Y,N,N,N,Y,Y,N,N,N,N,N,N,진주고려병원,67.44162532
1,한일병원,055-750-1333,A2800043,0,0,0,0,0,0,0,Y,0,Y,0,0,Y,N,0,0,Y,10,5,0,2.02E+13,Y,0,2,Y,A2800043,109,한일병원,Y,N,N,Y,Y,N,Y,N,Y,Y,N,N,한일병원,72.33719717
1,진주복음병원,055-749-7119,A2800037,0,0,0,0,0,0,0,Y,0,0,0,0,Y,N,0,0,Y,7,41,0,2.02E+13,Y,0,3,Y,A2800037,110,진주복음병원,N,N,N,N,Y,N,N,N,Y,Y,N,N,진주복음병원,50.19645521
2,제일병원,055-750-7119,A2800003,0,0,0,0,0,0,0,Y,0,Y,0,0,Y,N,0,0,Y,14,43,3,2.02E+13,Y,0,1,Y,A2800003,111,제일병원,N,N,Y,N,Y,Y,Y,N,Y,Y,N,N,제일병원,76.08395259
#N/A,의료법인합포의료재단에스엠지연세병원,055-240-7777,A2800017,0,0,0,0,0,0,0,Y,0,Y,0,0,Y,N,0,0,Y,11,72,9,2.02E+13,Y,0,4,Y,A2800017,114,의료법인합포의료재단에스엠지연세병원,Y,N,N,Y,Y,Y,N,N,N,Y,N,N,의료법인합포의료재단에스엠지연세병원,76.07187107
2,학교법인성균관대학삼성창원병원,055-233-6119,A2800020,0,Y,Y,0,2,2,0,Y,0,Y,0,0,Y,N,0,0,Y,13,51,0,2.02E+13,Y,13,15,Y,A2800020,116,학교법인성균관대학삼성창원병원,Y,Y,N,Y,Y,Y,Y,Y,Y,Y,Y,N,학교법인성균관대학삼성창원병원,168.4897376
2,창원경상대학교병원,055-214-1339,A2803505,0,Y,Y,0,0,0,0,Y,0,Y,0,0,Y,N,0,0,Y,16,130,4,2.02E+13,Y,11,12,Y,A2803505,117,창원경상대학교병원,Y,Y,N,Y,Y,Y,Y,N,Y,Y,Y,N,창원경상대학교병원,156.8296688
2,의료법인한마음국제의료재단한마음창원병원,055-268-7333,A2800007,0,0,Y,0,0,0,0,Y,0,Y,0,0,Y,N,0,0,Y,14,82,5,2.02E+13,Y,0,5,Y,A2800007,118,의료법인한마음국제의료재단한마음창원병원,Y,Y,N,N,Y,Y,Y,N,Y,N,Y,N,의료법인한마음국제의료재단한마음창원병원,124.6734513
3,근로복지공단 창원병원,055-280-0400,A2800012,0,0,0,0,0,0,0,Y,0,0,0,0,Y,N,0,0,Y,3,148,5,2.02E+13,Y,0,3,Y,A2800012,119,근로복지공단,Y,N,N,N,Y,N,Y,N,N,N,N,N,근로복지공단 창원병원,55.46714947
2,재단법인대구포교성베네딕도수녀회창원파티마병원,055-270-1119,A2800004,0,Y,Y,0,7,0,0,Y,0,Y,0,0,Y,N,0,0,Y,13,94,0,2.02E+13,Y,2,7,Y,A2800004,120,재단법인대구포교성베네딕도수녀회창원파티마병원,Y,N,N,Y,Y,Y,Y,N,Y,Y,N,N,재단법인대구포교성베네딕도수녀회창원파티마병원,136.3899071
2,새통영병원,055-640-4119,A2800092,0,0,0,0,0,0,0,Y,0,0,0,0,Y,N,0,0,Y,5,33,0,2.02E+13,N,0,2,Y,A2800092,122,새통영병원,Y,N,N,N,Y,N,N,N,Y,Y,N,N,새통영병원,39.49575154
1,삼성합천병원,070-5125-5030,A2800055,0,0,0,0,0,0,0,Y,0,0,0,0,Y,N,0,0,Y,4,8,0,2.02E+13,Y,0,2,Y,A2800055,124,삼성합천병원,N,N,N,N,Y,N,N,Y,Y,Y,N,N,삼성합천병원,52.84138404
2,의료법인서명의료재단세명병원,053-819-8500,A2700036,0,0,0,0,0,0,0,Y,0,0,0,0,Y,N,0,0,Y,12,93,0,2.02E+13,Y,0,5,Y,A2700036,126,의료법인서명의료재단세명병원,Y,N,N,N,Y,N,Y,N,Y,Y,N,Y,의료법인서명의료재단세명병원,72.95541448
2,동국대학교의과대학경주병원,054-776-8306,A2700003,0,Y,Y,0,3,3,0,Y,0,Y,0,0,Y,N,0,0,Y,7,45,0,2.02E+13,Y,0,4,Y,A2700003,127,동국대학교의과대학경주병원,Y,N,N,Y,Y,Y,Y,N,Y,Y,N,Y,동국대학교의과대학경주병원,139.4669345
2,순천향대학교부속구미병원,054-468-9119,A2700013,0,0,0,0,0,0,0,Y,0,Y,0,0,Y,N,0,0,Y,7,92,8,2.02E+13,Y,0,6,Y,A2700013,129,순천향대학교부속구미병원,Y,N,N,Y,Y,Y,Y,N,Y,Y,N,N,순천향대학교부속구미병원,91.70169858
2,차의과학대학교부속구미차병원,054-450-9997,A2700007,0,Y,Y,0,0,0,0,Y,0,Y,0,0,Y,N,0,0,Y,18,24,0,2.02E+13,Y,6,6,Y,A2700007,130,차의과학대학교부속구미차병원,Y,Y,N,Y,Y,Y,Y,N,Y,Y,Y,N,차의과학대학교부속구미차병원,144.9582
2,구미강동병원,054-478-9521,A2700015,0,0,0,0,0,0,0,Y,0,Y,0,0,Y,N,0,0,Y,10,79,0,2.02E+13,Y,0,5,Y,A2700015,131,구미강동병원,Y,N,N,N,Y,N,N,N,N,N,N,N,구미강동병원,57.9246724
3,경상북도김천의료원,054-429-8234,A2700018,0,0,0,0,0,0,0,Y,0,0,0,0,Y,N,0,0,Y,9,84,0,2.02E+13,Y,0,5,Y,A2700018,132,경상북도김천의료원,Y,N,N,Y,Y,N,Y,N,Y,Y,N,N,경상북도김천의료원,69.24701647
2,의료법인덕산의료재단김천제일병원,054-420-9500,A2700012,0,0,0,0,0,0,0,Y,0,Y,0,0,Y,N,0,0,Y,14,51,10,2.02E+13,Y,0,4,Y,A2700012,133,의료법인덕산의료재단김천제일병원,Y,N,Y,N,Y,Y,Y,Y,Y,Y,Y,N,의료법인덕산의료재단김천제일병원,100.0113549
2,의료법인동춘의료재단문경제일병원,054-550-7777,A2700006,0,0,0,0,0,0,0,Y,0,0,0,0,Y,N,0,0,Y,18,52,3,2.02E+13,Y,0,3,Y,A2700006,134,의료법인동춘의료재단문경제일병원,Y,N,N,Y,Y,N,Y,N,Y,Y,N,Y,의료법인동춘의료재단문경제일병원,77.74294694
3,의료법인서일의료재단문경중앙병원,054-554-3119,A2700067,0,0,0,0,0,0,0,Y,0,0,0,0,Y,N,0,0,Y,3,33,0,2.02E+13,N1,0,1,Y,A2700067,135,의료법인서일의료재단문경중앙병원,N,N,Y,Y,Y,N,Y,N,Y,N,N,N,의료법인서일의료재단문경중앙병원,53.70682389
2,의료법인삼백의료재단상주성모병원,054-530-7811,A2700009,0,0,0,0,0,0,0,Y,0,0,0,0,Y,N,0,0,Y,10,24,3,2.02E+13,Y,0,3,Y,A2700009,136,의료법인삼백의료재단상주성모병원,N,N,N,N,Y,N,N,N,N,N,N,N,의료법인삼백의료재단상주성모병원,41.91084
3,상주적십자병원,054-530-3171,A2700011,0,0,0,0,0,0,0,Y,0,0,0,0,Y,N,0,0,Y,8,96,8,2.02E+13,Y,0,3,Y,A2700011,137,상주적십자병원,Y,N,N,N,Y,N,Y,N,N,N,N,N,상주적십자병원,52.14871728
1,의료법인석촌의료재단성주무강병원,054-932-1909,A2700030,0,0,0,0,0,0,0,Y,0,0,0,0,Y,N,0,0,Y,6,39,0,2.02E+13,N1,0,1,Y,A2700030,138,의료법인석촌의료재단성주무강병원,N,N,N,N,Y,N,N,Y,N,N,N,N,의료법인석촌의료재단성주무강병원,37.57582201
3,안동성소병원,054-850-8282,A2700004,0,0,Y,0,0,0,0,Y,0,Y,0,0,Y,N,0,0,Y,14,169,8,2.02E+13,Y,0,6,Y,A2700004,139,안동성소병원,Y,Y,N,Y,Y,Y,Y,N,Y,Y,Y,Y,안동성소병원,152.2748957
3,의료법인안동병원,054-840-0119,A2700014,0,Y,Y,0,0,0,0,Y,0,Y,0,2,Y,N,0,0,Y,11,192,0,2.02E+13,Y,10,10,Y,A2700014,140,의료법인안동병원,Y,Y,Y,Y,Y,Y,Y,Y,Y,Y,Y,Y,의료법인안동병원,179.5897849
3,경상북도안동의료원,NA,A2700001,0,0,0,0,0,0,0,Y,0,0,0,0,Y,N,0,0,Y,5,207,15,2.02E+13,Y,0,3,Y,A2700001,141,경상북도안동의료원,Y,N,N,Y,Y,N,Y,N,Y,N,N,N,경상북도안동의료원,75.63724237
2,영주기독병원,054-635-3050,A2700031,0,0,Y,0,0,0,0,Y,0,0,0,0,Y,N,0,0,Y,4,0,0,2.02E+13,N1,0,1,Y,A2700031,142,영주기독병원,N,N,N,N,Y,N,N,N,N,N,Y,N,영주기독병원,57.56889962
3,영남대학교의과대학부속영천병원,054-330-7575,A2700017,0,0,0,0,0,0,0,Y,0,0,0,0,Y,N,0,0,Y,7,30,2,2.02E+13,Y,0,4,Y,A2700017,144,영남대학교의과대학부속영천병원,Y,N,N,Y,Y,N,Y,N,Y,Y,N,N,영남대학교의과대학부속영천병원,64.81557521
2,포항성모병원,054-272-0151,A2700016,0,Y,Y,0,0,0,0,Y,0,Y,0,0,Y,N,0,0,Y,13,64,4,2.02E+13,Y,0,9,Y,A2700016,151,포항성모병원,Y,Y,N,Y,Y,Y,Y,N,Y,Y,Y,N,포항성모병원,149.9434
3,포항세명기독병원,054-289-1711,A2700002,0,0,0,0,0,0,0,Y,0,Y,0,0,Y,N,0,0,Y,10,64,2,2.02E+13,Y,0,13,Y,A2700002,152,포항세명기독병원,Y,N,N,Y,Y,Y,Y,Y,Y,Y,N,N,포항세명기독병원,101.3726817
2,의료법인은성의료재단좋은선린병원,054-245-5200,A2702563,0,0,0,0,0,0,0,Y,0,Y,0,0,Y,N,0,0,Y,16,102,1,2.02E+13,Y,0,3,Y,A2702563,154,의료법인은성의료재단좋은선린병원,N,N,N,N,Y,Y,N,N,Y,Y,N,N,의료법인은성의료재단좋은선린병원,75.58442544
1,KS병원,062-975-9119,A1500019,0,0,0,0,0,0,0,Y,0,Y,0,0,Y,N,0,0,Y,12,44,7,2.02E+13,Y,0,4,Y,A1500019,157,병원,Y,N,N,Y,Y,Y,Y,N,Y,Y,N,N,KS병원,87.00796476
2,하남성심병원,062-958-1250,A1500017,0,0,0,0,0,0,0,Y,0,0,0,0,Y,N,0,0,Y,14,61,3,2.02E+13,Y,0,2,Y,A1500017,158,하남성심병원,Y,N,Y,Y,Y,N,Y,Y,N,N,N,N,하남성심병원,64.41600996
3,광주보훈병원,062-602-6119,A1500004,0,0,0,0,0,0,0,Y,0,Y,0,0,Y,N,0,0,Y,10,86,11,2.02E+13,Y,0,8,Y,A1500004,160,광주보훈병원,N,N,N,N,Y,Y,N,N,Y,N,N,N,광주보훈병원,78.48829332
2,첨단종합병원,062-601-8119,A1500011,0,0,0,0,0,0,0,Y,0,Y,0,0,Y,N,0,0,Y,13,76,16,2.02E+13,Y,0,5,Y,A1500011,161,첨단종합병원,Y,N,Y,Y,Y,N,Y,Y,Y,Y,N,N,첨단종합병원,85.8174831
1,동아병원,062-650-2515,A1500013,0,0,0,0,0,0,0,Y,0,0,0,0,Y,N,0,0,Y,8,92,0,2.02E+13,Y,0,6,Y,A1500013,162,동아병원,Y,N,N,N,Y,N,Y,N,N,Y,N,N,동아병원,54.34373127
1,광주씨티병원,062-460-7119,A1500009,0,0,0,0,0,0,0,Y,0,0,0,0,Y,N,0,0,Y,9,36,0,2.02E+13,Y,0,4,Y,A1500009,163,광주씨티병원,Y,N,N,N,Y,N,Y,N,N,N,N,N,광주씨티병원,49.02961689
3,광주기독병원,062-650-5119,A1500021,0,Y,Y,0,6,5,0,Y,0,Y,0,0,Y,N,0,0,Y,16,112,0,2.02E+13,Y,7,8,Y,A1500021,164,광주기독병원,Y,Y,N,Y,Y,Y,Y,N,Y,Y,Y,N,광주기독병원,176.6239196
2,전남대학교병원,062-220-6801,A1500002,0,Y,Y,0,4,3,0,Y,4,Y,0,7,Y,N,3,0,Y,0,104,2,2.02E+13,Y,10,18,Y,A1500002,165,전남대학교병원,Y,Y,N,Y,Y,Y,Y,Y,Y,Y,Y,Y,전남대학교병원,212.7614187
3,조선대학교병원,062-220-3280,A1500001,0,Y,Y,0,3,3,0,Y,2,Y,0,0,Y,N,0,0,Y,5,197,0,2.02E+13,Y,10,14,Y,A1500001,166,조선대학교병원,Y,Y,Y,Y,Y,Y,Y,Y,Y,Y,Y,Y,조선대학교병원,200.3309555
2,광주병원,062-260-7119,A1500015,0,0,0,0,0,0,0,Y,0,N,0,0,Y,N,0,0,Y,7,58,6,2.02E+13,N,0,4,Y,A1500015,167,광주병원,N,N,N,Y,Y,Y,Y,N,Y,Y,N,N,광주병원,67.76783446
2,운암한국병원,062-608-8119,A1500010,0,0,0,0,0,0,0,Y,0,0,0,0,Y,N,0,0,Y,7,41,0,2.02E+13,N,0,0,Y,A1500010,168,운암한국병원,Y,N,N,N,Y,N,Y,N,Y,Y,N,N,운암한국병원,43.96036905
1,광주현대병원,062-570-0119,A1500003,0,0,0,0,0,0,0,Y,0,0,0,0,Y,N,0,0,Y,8,76,0,2.02E+13,Y,0,5,Y,A1500003,169,광주현대병원,N,N,N,N,Y,N,N,N,Y,Y,N,N,광주현대병원,54.16999056
3,광주일곡병원,062-608-7119,A1500005,0,0,0,0,0,0,0,Y,0,0,0,0,Y,N,0,0,Y,8,40,0,2.02E+13,Y,0,2,Y,A1500005,170,광주일곡병원,Y,N,N,N,Y,N,Y,N,Y,Y,N,N,광주일곡병원,54.86347453
2,광주희망병원,062-608-6119,A1500007,0,0,0,0,0,0,0,Y,0,0,0,0,Y,N,0,0,Y,7,54,0,2.02E+13,N,0,3,Y,A1500007,171,광주희망병원,N,N,N,N,Y,N,Y,N,Y,N,N,N,광주희망병원,47.27790617
2,서광병원,062-600-8119,A1500020,0,0,0,0,0,0,0,Y,0,0,0,0,Y,N,0,0,Y,14,15,-5,2.02E+13,Y,0,2,Y,A1500020,172,서광병원,N,N,N,N,Y,N,N,N,N,N,N,N,서광병원,40.58898506
3,상무병원,062-600-7119,A1500022,0,0,0,0,0,0,0,Y,0,0,0,0,Y,N,0,0,Y,9,77,0,2.02E+13,Y,0,3,Y,A1500022,173,상무병원,N,N,N,N,Y,N,Y,Y,N,N,N,N,상무병원,56.62992366
3,광주한국병원,062-380-3119,A1500016,0,0,0,0,0,0,0,Y,0,0,0,0,Y,N,0,0,Y,14,52,0,2.02E+13,Y,0,3,Y,A1500016,174,광주한국병원,Y,N,N,N,Y,N,Y,N,Y,N,N,N,광주한국병원,56.61375773
3,미래로21병원,062-450-1119,A1500014,0,0,0,0,0,0,0,Y,0,Y,0,0,Y,N,0,0,Y,9,69,2,2.02E+13,Y,0,3,Y,A1500014,175,미래로,Y,N,N,N,Y,Y,Y,N,Y,Y,N,N,미래로21병원,78.77390365
2,드림병원,053-640-8575,A1300034,0,0,0,0,0,0,0,Y,0,Y,0,0,Y,N,0,0,Y,7,70,0,2.02E+13,N,0,3,Y,A1300034,176,드림병원,N,N,N,N,Y,N,Y,N,Y,N,N,N,드림병원,59.07711373
2,대구가톨릭대학교병원,053-650-4194,A1300004,0,Y,Y,0,-1,4,0,Y,1,Y,0,0,Y,N,0,0,Y,4,149,0,2.02E+13,Y,12,17,Y,A1300004,177,대구가톨릭대학교병원,N,Y,Y,Y,Y,Y,N,N,Y,Y,Y,Y,대구가톨릭대학교병원,177.9921489
2,영남대학교병원,053-620-3177,A1300001,0,Y,Y,0,4,3,0,Y,0,Y,0,0,Y,N,0,0,Y,-3,97,0,2.02E+13,Y,4,17,Y,A1300001,178,영남대학교병원,Y,Y,Y,Y,Y,N,Y,N,Y,Y,Y,Y,영남대학교병원,175.9815926
2,계명대학교동산병원,053-250-6321,A1300003,0,Y,Y,0,2,2,0,Y,2,Y,0,0,Y,N,0,0,Y,1,70,2,2.02E+13,Y,4,22,Y,A1300003,180,계명대학교동산병원,Y,Y,N,Y,Y,Y,Y,N,Y,Y,Y,Y,계명대학교동산병원,187.7598957
#N/A,더블유병원,053-550-5019,A1300110,0,0,0,0,0,0,0,Y,0,0,0,0,Y,N,0,0,Y,3,31,0,2.02E+13,Y,0,6,Y,A1300110,181,더블유병원,N,N,N,N,Y,N,N,Y,N,N,N,N,더블유병원,50.38371478
#N/A,삼일병원,053-659-3119,A1300045,0,0,0,0,0,0,0,Y,0,0,0,0,Y,N,0,0,Y,8,47,0,2.02E+13,N,0,2,Y,A1300045,183,삼일병원,N,N,N,N,Y,N,Y,N,N,N,N,N,삼일병원,38.78681913
2,대구파티마병원,053-940-7119,A1300009,0,Y,Y,0,-1,3,0,Y,4,Y,0,0,Y,N,0,0,Y,0,191,0,2.02E+13,Y,13,13,Y,A1300009,185,대구파티마병원,Y,Y,N,Y,Y,Y,Y,N,Y,Y,Y,N,대구파티마병원,177.6111439
2,대구가톨릭대학교 칠곡가톨릭병원,053-320-2111,A1300005,0,0,0,0,0,0,0,Y,0,0,0,0,Y,N,0,0,Y,5,41,0,2.02E+13,Y,0,3,Y,A1300005,186,대구가톨릭대학교,Y,N,N,Y,Y,N,N,N,Y,N,N,N,대구가톨릭대학교 칠곡가톨릭병원,59.1464053
3,대구의료원,053-560-7288,A1300007,0,0,Y,0,0,0,0,Y,0,0,0,0,Y,N,0,0,Y,10,0,0,2.02E+13,Y,0,4,Y,A1300007,188,대구의료원,N,Y,Y,N,Y,N,Y,N,Y,Y,N,Y,대구의료원,94.55917219
1,(재)미리내천주성삼성직수도회천주성삼병원,053-790-0555,A1300081,0,0,0,0,0,0,0,Y,0,0,0,0,Y,N,0,0,Y,8,34,0,2.02E+13,Y,0,4,Y,A1300081,189,재,N,N,N,N,Y,N,N,N,Y,N,N,N,(재)미리내천주성삼성직수도회천주성삼병원,50.57698576
1,곽병원,053-605-3333,A1300008,0,Y,0,0,0,0,0,Y,0,0,0,0,Y,N,0,0,Y,10,78,0,2.02E+13,Y,0,4,Y,A1300008,190,곽병원,N,N,N,N,Y,N,N,N,Y,N,N,N,곽병원,67.73507641
1,경북대학교병원,053-200-5100,A1300002,0,Y,Y,0,0,1,0,Y,0,Y,0,3,Y,N,1,1,Y,2,73,0,2.02E+13,Y,3,16,Y,A1300002,191,경북대학교병원,N,N,N,Y,Y,Y,N,N,N,N,N,N,경북대학교병원,118.3069723
3,근로복지공단대전병원,042-670-5119,A1600009,0,0,0,0,0,0,0,Y,0,0,0,0,Y,N,0,0,Y,6,58,4,2.02E+13,Y,0,3,Y,A1600009,192,근로복지공단대전병원,N,N,N,N,Y,N,N,N,N,N,N,Y,근로복지공단대전병원,56.10478943
2,대전한국병원,042-606-1119,A1600003,0,0,Y,0,0,0,0,Y,0,Y,0,0,Y,N,0,0,Y,8,121,8,2.02E+13,Y,0,4,Y,A1600003,194,대전한국병원,Y,Y,N,Y,Y,Y,Y,N,Y,Y,N,N,대전한국병원,120.0594932
1,학교법인건양교육재단건양대학교병원,042-600-9119,A1600006,0,Y,Y,0,0,0,0,Y,0,Y,0,0,Y,N,0,0,Y,10,177,6,2.02E+13,Y,1,16,Y,A1600006,196,학교법인건양교육재단건양대학교병원,N,Y,N,Y,Y,Y,Y,N,Y,Y,Y,Y,학교법인건양교육재단건양대학교병원,175.1148005
1,학교법인을지학원대전을지대학교병원,042-259-1119,A1600002,0,Y,Y,0,0,2,0,Y,0,Y,0,6,Y,N,0,0,Y,15,62,0,2.02E+13,Y,12,14,Y,A1600002,197,학교법인을지학원대전을지대학교병원,Y,Y,N,Y,Y,Y,Y,Y,Y,Y,Y,Y,학교법인을지학원대전을지대학교병원,182.1763909
3,의료법인영훈의료재단유성선병원,042-609-1119,A1600007,0,0,0,0,0,0,0,Y,0,Y,0,0,Y,N,0,0,Y,15,75,8,2.02E+13,Y,0,3,Y,A1600007,198,의료법인영훈의료재단유성선병원,Y,N,N,Y,Y,Y,Y,N,Y,N,N,N,의료법인영훈의료재단유성선병원,88.30430713
3,학교법인가톨릭학원가톨릭대학교대전성모병원,042-220-9118,A1600005,0,Y,Y,0,2,0,0,Y,1,Y,0,0,Y,N,0,1,Y,13,124,0,2.02E+13,Y,2,10,Y,A1600005,199,학교법인가톨릭학원가톨릭대학교대전성모병원,Y,Y,N,Y,Y,Y,Y,N,Y,Y,N,N,학교법인가톨릭학원가톨릭대학교대전성모병원,147.26533
3,의료법인영훈의료재단대전선병원,042-220-8129,A1600008,0,0,Y,0,0,0,0,Y,0,Y,0,0,Y,N,0,0,Y,19,99,1,2.02E+13,Y,0,7,Y,A1600008,200,의료법인영훈의료재단대전선병원,Y,N,N,Y,Y,Y,Y,Y,Y,Y,N,N,의료법인영훈의료재단대전선병원,112.0726278
2,충남대학교병원,042-280-8129,A1600001,0,Y,Y,0,0,0,0,Y,0,Y,0,0,Y,N,0,0,Y,4,259,0,2.02E+13,Y,7,18,Y,A1600001,201,충남대학교병원,Y,Y,N,Y,Y,Y,Y,Y,Y,Y,Y,Y,충남대학교병원,187.7433045
#N/A,(의)서일의료재단기장병원,051-723-2119,A1200028,0,0,0,0,0,0,0,Y,0,0,0,0,Y,N,0,0,Y,8,43,0,2.02E+13,Y,0,0,Y,A1200028,202,의,N,N,N,N,Y,N,N,N,Y,N,N,N,(의)서일의료재단기장병원,47.89241327
2,동남권원자력의학원,051-720-5911,A1200015,0,0,0,0,0,0,0,Y,0,Y,0,0,Y,N,0,0,Y,8,36,7,2.02E+13,Y,0,6,Y,A1200015,203,동남권원자력의학원,N,N,N,N,Y,N,N,N,Y,N,N,N,동남권원자력의학원,63.09118723
3,부산성모병원(재단법인천주교부산교구유지재단),051-933-7119,A1200013,0,Y,Y,0,0,0,0,Y,0,Y,0,0,Y,N,0,0,Y,18,136,1,2.02E+13,Y,14,7,Y,A1200013,204,부산성모병원,Y,Y,N,Y,Y,Y,Y,N,Y,Y,Y,N,부산성모병원(재단법인천주교부산교구유지재단),153.1733588
3,좋은문화병원,051-630-0909,A1200026,0,Y,Y,0,0,0,0,Y,0,0,0,0,Y,N,0,0,Y,7,66,2,2.02E+13,Y,6,4,Y,A1200026,205,좋은문화병원,N,Y,N,N,Y,N,N,N,N,N,Y,N,좋은문화병원,102.9279684
3,의료법인정화의료재단 김원묵기념봉생병원,051-664-4119,A1200017,0,0,0,0,7,6,0,Y,0,Y,0,0,Y,N,0,0,Y,10,104,0,2.02E+13,Y,0,8,Y,A1200017,206,의료법인정화의료재단,Y,N,N,Y,Y,Y,N,N,Y,Y,N,Y,의료법인정화의료재단 김원묵기념봉생병원,129.3624092
1,동래봉생병원,051-520-5700,A1200011,0,0,0,0,0,0,0,Y,0,Y,0,0,Y,N,0,0,Y,7,78,6,2.02E+13,Y,0,5,Y,A1200011,207,동래봉생병원,Y,N,N,Y,Y,Y,N,N,N,N,N,N,동래봉생병원,77.19563368
2,대동병원,051-550-9391,A1200018,0,0,0,0,0,0,0,Y,0,Y,0,0,Y,N,0,0,Y,13,115,9,2.02E+13,Y,0,5,Y,A1200018,208,대동병원,Y,N,N,N,Y,Y,Y,N,N,N,N,N,대동병원,76.31068541
1,의료법인광혜의료재단광혜병원,051-504-2119,A1200009,0,0,0,0,0,0,0,Y,0,0,0,0,Y,N,0,0,Y,10,91,1,2.02E+13,Y,0,3,Y,A1200009,209,의료법인광혜의료재단광혜병원,N,N,N,N,Y,N,Y,N,N,N,N,N,의료법인광혜의료재단광혜병원,51.8646306
2,의료법인 온그룹의료재단 온종합병원,051-607-0139,A1200020,0,0,0,0,0,0,0,Y,0,Y,0,0,Y,N,0,0,Y,23,36,12,2.02E+13,Y,0,6,Y,A1200020,210,의료법인,Y,N,N,Y,Y,Y,Y,N,Y,Y,N,N,의료법인 온그룹의료재단 온종합병원,88.37251284
3,인제대학교부산백병원,051-890-8934,A1200001,0,Y,Y,0,5,0,0,Y,0,Y,0,0,Y,N,0,0,Y,20,40,0,2.02E+13,Y,8,17,Y,A1200001,211,인제대학교부산백병원,Y,Y,N,Y,Y,Y,Y,Y,Y,Y,Y,Y,인제대학교부산백병원,184.4683353
3,학교법인)동의병원,051-850-8777,A1200019,0,0,0,0,0,0,0,Y,0,Y,0,0,Y,N,0,0,Y,16,86,18,2.02E+13,Y,0,1,Y,A1200019,212,학교법인,Y,N,N,Y,Y,Y,N,N,Y,Y,N,N,학교법인)동의병원,81.88452564
3,학교법인 춘해병원,051-632-3119,A1200025,0,0,0,0,0,0,0,Y,0,0,0,0,Y,N,0,0,Y,10,59,0,2.02E+13,Y,0,4,Y,A1200025,213,학교법인,Y,N,N,N,Y,N,N,N,Y,N,N,N,학교법인 춘해병원,52.27382226
2,구포성심병원,051-330-2090,A1200045,0,0,0,0,0,0,0,Y,0,Y,0,0,Y,N,0,0,Y,8,14,0,2.02E+13,Y,0,4,Y,A1200045,214,구포성심병원,Y,N,N,N,Y,Y,Y,N,Y,Y,N,N,구포성심병원,75.93888994
2,의료법인인당의료재단부민병원,051-330-3129,A1200006,0,0,0,0,0,0,0,Y,0,Y,0,0,Y,N,0,0,Y,11,50,5,2.02E+13,Y,0,9,Y,A1200006,215,의료법인인당의료재단부민병원,Y,N,N,Y,Y,N,Y,Y,Y,Y,N,N,의료법인인당의료재단부민병원,86.7823595
2,의료법인은성의료재단좋은삼선병원,051-310-9119,A1200005,0,0,0,0,0,0,0,Y,0,Y,0,0,Y,N,0,0,Y,11,48,7,2.02E+13,Y,0,4,Y,A1200005,216,의료법인은성의료재단좋은삼선병원,Y,N,N,Y,Y,Y,Y,Y,Y,Y,N,N,의료법인은성의료재단좋은삼선병원,92.96181172
3,한국보훈복지의료공단부산보훈병원,051-601-6180,A1200016,0,0,0,0,0,0,0,Y,0,Y,0,0,Y,N,0,0,Y,12,32,2,2.02E+13,Y,0,7,Y,A1200016,217,한국보훈복지의료공단부산보훈병원,N,N,N,N,Y,N,N,N,N,N,N,N,한국보훈복지의료공단부산보훈병원,56.50671801
2,고신대학교복음병원,051-990-3008,A1200004,0,Y,Y,0,1,1,0,Y,2,Y,0,0,Y,N,3,0,Y,2,177,0,2.02E+13,Y,5,13,Y,A1200004,218,고신대학교복음병원,N,N,N,N,Y,N,N,N,N,N,N,N,고신대학교복음병원,108.6881915
1,부산대학교병원,051-240-7776,A1200002,0,Y,Y,0,3,0,0,Y,1,Y,0,25,Y,N,0,0,Y,12,251,15,2.02E+13,Y,8,26,Y,A1200002,219,부산대학교병원,Y,Y,N,Y,Y,Y,Y,Y,Y,Y,Y,Y,부산대학교병원,230.5007991
2,동아대학교병원,051-240-5301,A1200003,0,Y,Y,0,0,0,0,Y,2,Y,0,0,Y,N,4,2,Y,13,96,8,2.02E+13,Y,4,12,Y,A1200003,220,동아대학교병원,Y,Y,N,Y,Y,N,Y,N,Y,N,Y,Y,동아대학교병원,162.3721937
2,삼육부산병원,051-600-7750,A1200021,0,0,Y,0,0,0,0,Y,0,0,0,0,Y,N,0,0,Y,3,39,0,2.02E+13,Y,0,3,Y,A1200021,221,삼육부산병원,N,N,N,Y,Y,N,N,Y,N,N,N,N,삼육부산병원,70.54868198
2,의료법인 은성의료재단 좋은강안병원,051-610-9119,A1200008,0,0,0,0,0,0,0,Y,0,Y,0,0,Y,N,0,0,Y,10,26,5,2.02E+13,Y,0,6,Y,A1200008,222,의료법인,Y,N,N,Y,Y,Y,Y,N,Y,Y,N,N,의료법인 은성의료재단 좋은강안병원,87.41276839
2,비에이치에스한서병원,070-7321-0119,A1200007,0,0,0,0,0,0,0,Y,0,Y,0,0,Y,N,0,0,Y,17,84,10,2.02E+13,Y,0,4,Y,A1200007,223,비에이치에스한서병원,Y,N,N,N,Y,Y,N,N,N,N,N,N,비에이치에스한서병원,68.00642463
3,부산광역시의료원,051-607-2140,A1200024,0,0,Y,0,9,5,0,Y,0,Y,0,0,Y,N,0,0,Y,17,252,0,2.02E+13,Y,0,7,Y,A1200024,224,부산광역시의료원,Y,N,N,Y,Y,Y,N,N,Y,N,N,N,부산광역시의료원,142.1306035
2,해동병원,051-410-6695,A1200012,0,0,0,0,0,0,0,Y,0,0,0,0,Y,N,0,0,Y,10,70,4,2.02E+13,Y,0,3,Y,A1200012,225,해동병원,Y,N,N,N,Y,N,Y,N,Y,Y,N,Y,해동병원,69.75121481
3,영도병원,051-419-7575,A1200014,0,0,0,0,0,0,0,Y,0,0,0,0,Y,N,0,0,Y,10,61,3,2.02E+13,Y,0,3,Y,A1200014,226,영도병원,Y,N,Y,N,Y,N,Y,N,Y,Y,N,N,영도병원,57.66700607
3,재단법인천주교부산교구유지재단 메리놀병원,051-461-2300,A1200023,0,0,0,0,0,0,0,Y,0,Y,0,0,Y,N,0,0,Y,9,147,13,2.02E+13,Y,0,7,Y,A1200023,227,재단법인천주교부산교구유지재단,N,N,N,N,Y,N,N,N,N,N,N,N,재단법인천주교부산교구유지재단 메리놀병원,64.03115605
3,의료법인인당의료재단해운대부민병원,051-602-8119,A1205143,0,0,0,0,0,0,0,Y,0,0,0,0,Y,N,0,0,Y,10,47,8,2.02E+13,Y,0,7,Y,A1205143,228,의료법인인당의료재단해운대부민병원,Y,N,N,Y,Y,N,Y,Y,Y,N,N,N,의료법인인당의료재단해운대부민병원,74.17909367
2,인제대학교해운대백병원,051-797-0119,A1200022,0,Y,Y,0,5,4,0,Y,0,Y,0,0,Y,N,0,0,Y,-6,46,0,2.02E+13,Y,3,18,Y,A1200022,229,인제대학교해운대백병원,Y,Y,N,Y,Y,Y,Y,N,Y,Y,Y,Y,인제대학교해운대백병원,187.6104576
2,연세대학교의과대학강남세브란스병원,02-2019-3333,A1100015,0,Y,Y,0,0,0,0,Y,3,Y,0,0,Y,N,0,0,Y,-2,45,4,2.02E+13,Y,1,22,Y,A1100015,230,연세대학교의과대학강남세브란스병원,N,Y,Y,Y,Y,N,Y,Y,N,N,N,N,연세대학교의과대학강남세브란스병원,141.7324702
2,삼성서울병원,02-3410-2060,A1100010,0,Y,Y,0,8,14,0,Y,2,Y,0,0,Y,N,0,13,Y,29,381,5,2.02E+13,Y,12,47,Y,A1100010,231,삼성서울병원,Y,Y,N,Y,Y,Y,Y,N,Y,Y,Y,N,삼성서울병원,256.0700806
2,강동경희대학교의대병원,02-440-8282,A1100043,0,Y,Y,0,0,0,0,Y,0,Y,0,0,Y,N,0,0,Y,10,135,6,2.02E+13,Y,2,10,Y,A1100043,232,강동경희대학교의대병원,Y,Y,N,Y,Y,Y,Y,Y,Y,Y,Y,N,강동경희대학교의대병원,161.0949538
3,성심의료재단강동성심병원,02-2224-2358,A1100028,0,Y,Y,0,0,3,0,Y,0,Y,0,0,Y,N,0,0,Y,10,128,0,2.02E+13,Y,3,12,Y,A1100028,233,성심의료재단강동성심병원,Y,Y,N,Y,Y,Y,Y,Y,Y,Y,Y,Y,성심의료재단강동성심병원,180.4915929
2,한국보훈복지의료공단중앙보훈병원,02-2225-1100,A1100053,0,0,0,0,7,6,0,Y,0,Y,0,0,Y,N,0,0,Y,9,127,0,2.02E+13,Y,0,13,Y,A1100053,234,한국보훈복지의료공단중앙보훈병원,Y,N,N,Y,Y,N,N,N,N,Y,N,Y,한국보훈복지의료공단중앙보훈병원,117.3143767
3,에이치플러스양지병원,070-4665-9119,A1100041,0,0,0,0,0,0,0,Y,0,Y,0,0,Y,N,0,0,Y,18,65,8,2.02E+13,Y,0,6,Y,A1100041,238,에이치플러스양지병원,Y,N,N,Y,Y,Y,Y,N,Y,Y,N,N,에이치플러스양지병원,90.17223727
2,건국대학교병원,02-2030-5555,A1100002,0,Y,Y,0,6,4,0,Y,0,Y,0,0,Y,N,0,0,Y,13,161,0,2.02E+13,Y,6,16,Y,A1100002,239,건국대학교병원,Y,Y,N,Y,Y,Y,N,Y,Y,Y,Y,Y,건국대학교병원,196.5126276
3,혜민병원,02-2049-9119,A1100051,0,0,0,0,0,0,0,Y,0,0,0,0,Y,N,0,0,Y,7,66,5,2.02E+13,Y,0,5,Y,A1100051,240,혜민병원,Y,N,N,Y,Y,N,Y,Y,N,Y,N,N,혜민병원,66.49295997
2,구로성심병원,02-2067-1515,A1100026,0,0,0,0,0,0,0,Y,0,0,0,0,Y,N,0,0,Y,7,45,0,2.02E+13,N,0,2,Y,A1100026,241,구로성심병원,Y,N,Y,N,Y,N,Y,N,N,N,N,N,구로성심병원,39.18282976
3,고려대학교의과대학부속구로병원,02-2626-1557,A1100014,0,Y,Y,0,0,1,0,Y,0,Y,0,0,Y,N,0,0,Y,13,93,2,2.02E+13,Y,3,15,Y,A1100014,242,고려대학교의과대학부속구로병원,Y,Y,N,Y,Y,Y,Y,Y,Y,Y,Y,Y,고려대학교의과대학부속구로병원,176.5898256
2,희명병원,02-809-0122,A1100049,0,0,0,0,0,0,0,Y,0,Y,0,0,Y,N,0,0,Y,6,43,4,2.02E+13,Y,0,3,Y,A1100049,243,희명병원,Y,N,N,N,Y,N,Y,Y,N,Y,N,N,희명병원,65.05849182
1,한국원자력의학원원자력병원,02-970-2621,A1100027,0,0,Y,0,0,0,0,Y,0,Y,0,0,Y,N,0,0,Y,10,77,1,2.02E+13,Y,0,9,Y,A1100027,244,한국원자력의학원원자력병원,Y,N,N,N,Y,N,Y,N,Y,Y,N,N,한국원자력의학원원자력병원,86.93322284
2,인제대학교상계백병원,02-950-1100,A1100016,0,Y,Y,0,1,3,0,Y,2,Y,0,0,Y,N,0,0,Y,6,97,0,2.02E+13,Y,0,12,Y,A1100016,245,인제대학교상계백병원,Y,Y,N,Y,Y,Y,Y,Y,Y,Y,Y,Y,인제대학교상계백병원,186.9056035
2,노원을지대학교병원,02-970-8282,A1100048,0,Y,Y,0,6,3,0,Y,0,Y,0,0,Y,N,0,0,Y,10,115,0,2.02E+13,Y,5,9,Y,A1100048,246,노원을지대학교병원,Y,Y,N,Y,Y,Y,Y,N,Y,Y,Y,Y,노원을지대학교병원,185.4256321
2,의료법인한전의료재단한일병원,02-901-3000,A1100020,0,Y,Y,0,0,0,0,Y,0,Y,0,0,Y,N,0,0,Y,9,89,2,2.02E+13,Y,3,8,Y,A1100020,247,의료법인한전의료재단한일병원,Y,N,Y,Y,Y,N,Y,N,N,Y,N,N,의료법인한전의료재단한일병원,103.4044458
3,경희대학교병원,02-958-8282,A1100001,0,Y,Y,0,0,0,0,Y,1,Y,0,0,Y,N,0,0,Y,10,103,4,2.02E+13,Y,9,13,Y,A1100001,248,경희대학교병원,Y,Y,N,Y,Y,Y,Y,Y,Y,Y,Y,Y,경희대학교병원,176.5949987
2,삼육서울병원,02-2210-3566,A1100021,0,0,N,0,0,0,0,Y,0,Y,0,0,Y,N,0,0,Y,11,77,0,2.02E+13,Y,4,5,Y,A1100021,249,삼육서울병원,Y,N,Y,Y,Y,Y,Y,N,Y,Y,N,Y,삼육서울병원,102.5758023
2,서울성심병원,02-966-1616,A1100050,0,0,0,0,0,0,0,Y,0,0,0,0,Y,N,0,0,Y,5,73,6,2.02E+13,Y,0,6,Y,A1100050,251,서울성심병원,N,N,N,N,Y,N,Y,Y,Y,N,N,N,서울성심병원,65.96499614
2,서울특별시보라매병원,02-870-2119,A1100040,0,Y,Y,0,1,8,0,Y,0,Y,0,0,Y,N,0,0,Y,21,146,0,2.02E+13,Y,2,10,Y,A1100040,252,서울특별시보라매병원,Y,Y,Y,Y,Y,Y,Y,Y,Y,Y,Y,Y,서울특별시보라매병원,193.4699067
3,중앙대학교병원,02-6299-1339,A1100003,0,Y,Y,0,13,6,0,Y,0,Y,0,0,Y,N,0,0,Y,9,150,0,2.02E+13,Y,1,14,Y,A1100003,253,중앙대학교병원,Y,Y,N,Y,Y,Y,Y,N,Y,Y,Y,Y,중앙대학교병원,214.2823523
2,학교법인연세대학교의과대학세브란스병원,02-2227-7777,A1100007,0,Y,Y,0,6,17,0,Y,5,Y,0,0,Y,N,4,0,Y,-4,125,0,2.02E+13,Y,4,5,Y,A1100007,254,학교법인연세대학교의과대학세브란스병원,Y,Y,N,N,Y,Y,N,Y,Y,Y,Y,Y,학교법인연세대학교의과대학세브란스병원,218.0684031
2,학교법인가톨릭학원가톨릭대학교서울성모병원,02-2258-2370,A1100012,0,Y,Y,0,2,13,0,Y,10,Y,0,0,Y,N,0,4,Y,6,105,1,2.02E+13,Y,23,26,Y,A1100012,256,학교법인가톨릭학원가톨릭대학교서울성모병원,Y,Y,N,Y,Y,Y,Y,Y,Y,Y,Y,Y,학교법인가톨릭학원가톨릭대학교서울성모병원,246.734692
2,한양대학교병원,02-2290-8284,A1100013,0,Y,Y,0,1,3,0,Y,0,Y,0,0,Y,N,0,0,Y,18,128,0,2.02E+13,Y,2,15,Y,A1100013,257,한양대학교병원,Y,Y,N,Y,Y,Y,Y,Y,Y,Y,Y,Y,한양대학교병원,185.4623877
2,(학)고려대학교의과대학부속병원(안암병원),02-920-5374,A1100008,0,Y,Y,0,0,4,0,Y,0,Y,0,0,Y,N,0,0,Y,5,64,0,2.02E+13,Y,-2,19,Y,A1100008,258,학,Y,Y,N,Y,Y,Y,Y,Y,Y,Y,Y,Y,(학)고려대학교의과대학부속병원(안암병원),183.9479061
2,경찰병원,02-3400-1300,A1100039,0,0,0,0,0,0,0,Y,0,0,0,0,Y,N,0,0,Y,9,61,12,2.02E+13,Y,0,7,Y,A1100039,259,경찰병원,Y,N,Y,Y,Y,N,Y,N,Y,Y,N,N,경찰병원,69.91883919
2,재단법인아산사회복지재단 서울아산병원,02-3010-3333,A1100009,0,Y,Y,0,1,0,0,Y,4,Y,0,0,Y,N,0,1,Y,29,92,0,2.02E+13,Y,15,63,Y,A1100009,260,재단법인아산사회복지재단,Y,Y,N,Y,Y,Y,Y,N,Y,Y,Y,Y,재단법인아산사회복지재단 서울아산병원,223.2451129
3,홍익병원,02-2600-0777,A1100019,0,0,0,0,0,0,0,Y,0,Y,0,0,Y,N,0,0,Y,11,110,3,2.02E+13,Y,0,0,Y,A1100019,261,홍익병원,Y,N,N,Y,Y,Y,Y,Y,Y,N,N,N,홍익병원,93.77687017
2,이화여자대학교의과대학부속목동병원,02-2650-5911,A1100005,0,Y,Y,0,1,5,0,Y,0,Y,0,0,Y,N,0,0,Y,10,111,0,2.02E+13,Y,6,11,Y,A1100005,263,이화여자대학교의과대학부속목동병원,Y,Y,N,Y,Y,Y,Y,N,Y,Y,Y,Y,이화여자대학교의과대학부속목동병원,179.282917
2,가톨릭대학교여의도성모병원,02-3779-1188,A1100011,0,Y,Y,0,0,0,0,Y,8,Y,0,0,Y,N,0,0,Y,-1,39,0,2.02E+13,Y,-2,9,Y,A1100011,264,가톨릭대학교여의도성모병원,Y,Y,N,Y,Y,Y,Y,Y,Y,Y,Y,N,가톨릭대학교여의도성모병원,178.5857575
1,명지성모병원,02-829-7800,A1100024,0,0,0,0,0,0,0,Y,0,Y,0,0,Y,N,0,0,Y,7,70,4,2.02E+13,Y,0,3,Y,A1100024,265,명지성모병원,Y,N,N,Y,Y,Y,N,N,N,N,N,N,명지성모병원,75.02796279
2,한림대학교강남성심병원,02-829-5119,A1100055,0,Y,Y,0,4,5,0,Y,0,Y,0,0,Y,N,0,0,Y,16,134,0,2.02E+13,Y,4,13,Y,A1100055,267,한림대학교강남성심병원,Y,N,Y,Y,Y,Y,Y,Y,Y,Y,Y,N,한림대학교강남성심병원,168.8247912
2,성애의료재단성애병원,02-840-7115,A1100054,0,Y,Y,0,0,0,0,Y,0,Y,0,0,Y,N,0,0,Y,8,81,3,2.02E+13,Y,4,5,Y,A1100054,268,성애의료재단성애병원,Y,Y,N,Y,Y,Y,Y,N,Y,Y,Y,N,성애의료재단성애병원,147.6719057
3,순천향대학교 부속 서울병원,02-709-9117-9,A1100004,0,Y,Y,0,0,0,0,Y,0,Y,0,0,Y,N,0,0,Y,18,147,0,2.02E+13,Y,7,12,Y,A1100004,269,순천향대학교,Y,Y,N,Y,Y,Y,Y,Y,Y,Y,Y,Y,순천향대학교 부속 서울병원,175.7520541
3,의료법인청구성심병원,02-383-0129,A1100023,0,0,0,0,0,0,0,Y,0,0,0,0,Y,N,0,0,Y,9,46,5,2.02E+13,Y,0,3,Y,A1100023,271,의료법인청구성심병원,Y,N,N,Y,Y,N,Y,N,N,N,N,N,의료법인청구성심병원,57.86622953
2,서울대학교병원,02-2072-2475,A1100017,0,Y,Y,0,1,4,0,Y,0,Y,0,0,Y,N,3,0,Y,-13,69,1,2.02E+13,Y,8,52,Y,A1100017,272,서울대학교병원,Y,Y,N,Y,Y,Y,Y,Y,Y,Y,Y,Y,서울대학교병원,213.2413521
2,강북삼성병원,02-2001-1000,A1100006,0,Y,Y,0,4,1,0,Y,0,Y,0,0,Y,N,0,0,Y,-15,54,0,2.02E+13,Y,-1,11,Y,A1100006,273,강북삼성병원,Y,Y,N,Y,Y,Y,Y,N,Y,Y,Y,Y,강북삼성병원,173.6876338
2,서울적십자병원,NA,A1100029,0,0,0,0,0,0,0,Y,0,0,0,0,Y,N,0,0,Y,9,160,8,2.02E+13,Y,0,6,Y,A1100029,274,서울적십자병원,N,N,N,Y,Y,N,Y,Y,Y,N,N,N,서울적십자병원,80.79782499
2,인제대학교서울백병원,02-2270-0119,A1100033,0,0,0,0,0,0,0,Y,0,Y,0,0,Y,N,0,0,Y,11,44,1,2.02E+13,Y,0,4,Y,A1100033,276,인제대학교서울백병원,Y,N,N,Y,Y,Y,Y,Y,Y,Y,N,N,인제대학교서울백병원,92.69768863
2,녹색병원,02-490-2112-3,A1100044,0,0,0,0,0,0,0,Y,0,0,0,0,Y,N,0,0,Y,8,66,3,2.02E+13,Y,0,3,Y,A1100044,278,녹색병원,Y,N,N,N,Y,N,Y,N,Y,Y,N,N,녹색병원,57.39998697
3,서울특별시서울의료원,NA,A1100035,0,Y,Y,0,7,0,0,Y,6,Y,0,0,Y,N,0,0,Y,16,395,0,2.02E+13,Y,4,9,Y,A1100035,279,서울특별시서울의료원,Y,Y,N,Y,Y,Y,Y,N,Y,Y,Y,Y,서울특별시서울의료원,218.8785765
2,의료법인정안의료재단중앙병원,052-226-1119,A1700028,0,0,0,0,0,0,0,Y,0,Y,0,0,Y,N,0,0,Y,10,31,0,2.02E+13,Y,0,4,Y,A1700028,281,의료법인정안의료재단중앙병원,Y,N,Y,Y,Y,Y,Y,N,Y,Y,N,N,의료법인정안의료재단중앙병원,86.6546033
2,의료법인 은성의료재단 좋은삼정병원,052-220-7600,A1700011,0,0,0,0,0,0,0,Y,0,0,0,0,Y,N,0,0,Y,6,61,0,2.02E+13,Y,0,4,Y,A1700011,282,의료법인,N,N,N,N,Y,N,Y,N,N,Y,N,N,의료법인 은성의료재단 좋은삼정병원,50.61128541
3,의료법인혜명심의료재단 울산병원,052-259-5119,A1700003,0,0,0,0,0,0,0,Y,0,Y,0,0,Y,N,0,0,Y,8,60,3,2.02E+13,Y,0,3,Y,A1700003,283,의료법인혜명심의료재단,Y,N,Y,Y,Y,Y,Y,N,Y,Y,N,N,의료법인혜명심의료재단 울산병원,87.70371615
3,학교법인 울산공업학원 울산대학교병원,052-250-7000,A1700004,0,Y,Y,0,1,1,0,Y,0,Y,0,6,Y,N,0,1,Y,2,155,0,2.02E+13,Y,0,18,Y,A1700004,284,학교법인,Y,Y,N,Y,Y,Y,Y,Y,Y,Y,Y,Y,학교법인 울산공업학원 울산대학교병원,191.5645903
1,의료법인송은의료재단울산시티병원,052-280-9119,A1700025,0,0,0,0,0,0,0,Y,0,0,0,0,Y,N,0,0,Y,3,18,0,2.02E+13,Y,0,7,Y,A1700025,285,의료법인송은의료재단울산시티병원,Y,N,N,N,Y,N,Y,Y,Y,N,N,N,의료법인송은의료재단울산시티병원,63.10694883
3,서울산보람병원,052-255-7119,A1700001,0,0,0,0,0,0,0,Y,0,0,0,0,Y,N,0,0,Y,9,68,0,2.02E+13,Y,0,3,Y,A1700001,286,서울산보람병원,Y,N,N,N,Y,N,N,N,N,Y,N,N,서울산보람병원,44.79316039
3,의료법인동강의료재단동천동강병원,052-702-3456,A1701489,0,0,0,0,0,0,0,Y,0,Y,0,0,Y,N,0,0,Y,9,22,6,2.02E+13,Y,0,5,Y,A1701489,287,의료법인동강의료재단동천동강병원,Y,N,N,Y,Y,Y,Y,N,Y,N,N,N,의료법인동강의료재단동천동강병원,86.30589935
3,의료법인동강의료재단동강병원,052-241-1190,A1700002,0,0,0,0,0,1,0,Y,0,Y,0,0,Y,N,0,0,Y,19,96,0,2.02E+13,Y,0,7,Y,A1700002,288,의료법인동강의료재단동강병원,Y,N,Y,Y,Y,Y,Y,Y,Y,Y,N,N,의료법인동강의료재단동강병원,101.3852645
3,메디플렉스 세종병원,032-240-8119,A1403372,0,0,0,0,0,0,0,Y,0,Y,0,0,Y,N,0,0,Y,18,93,3,2.02E+13,Y,0,5,Y,A1403372,290,메디플렉스,Y,N,N,Y,Y,Y,N,N,Y,N,N,N,메디플렉스 세종병원,85.67165768
3,의료법인인성의료재단한림병원,032-540-9119,A1400014,0,0,0,0,0,0,0,Y,0,Y,0,0,Y,N,0,0,Y,13,68,8,2.02E+13,Y,0,6,Y,A1400014,291,의료법인인성의료재단한림병원,Y,N,N,Y,Y,Y,Y,N,Y,Y,N,N,의료법인인성의료재단한림병원,90.25516161
2,의료법인 길의료재단 길병원,032-460-3012,A1400001,0,Y,Y,0,2,1,0,Y,0,Y,0,7,Y,N,0,0,Y,3,277,0,2.02E+13,Y,13,2,Y,A1400001,292,의료법인,N,N,N,N,Y,N,N,N,N,N,N,N,의료법인 길의료재단 길병원,109.8047957
3,인천광역시의료원,032-580-6119,A1400017,0,0,0,0,0,0,0,Y,0,0,0,0,Y,N,0,0,Y,15,126,15,2.02E+13,Y,0,6,Y,A1400017,293,인천광역시의료원,N,N,N,N,Y,N,Y,Y,Y,Y,N,Y,인천광역시의료원,81.73600057
3,의료법인 성수의료재단 인천백병원,032-280-8119,A1400007,0,Y,0,0,0,0,0,Y,0,0,0,0,Y,N,0,0,Y,5,82,3,2.02E+13,Y,0,4,Y,A1400007,294,의료법인,Y,N,Y,N,Y,N,Y,Y,Y,N,N,N,의료법인 성수의료재단 인천백병원,79.67762361
3,현대유비스병원,032-890-5582,A1400004,0,0,0,0,0,0,0,Y,0,Y,0,0,Y,N,0,0,Y,15,30,4,2.02E+13,Y,0,6,Y,A1400004,295,현대유비스병원,Y,N,Y,Y,Y,Y,Y,Y,Y,Y,N,N,현대유비스병원,94.05592268
3,인천사랑병원,032-457-2119,A1400016,0,0,Y,0,0,0,0,Y,0,Y,0,0,Y,N,0,0,Y,14,65,10,2.02E+13,Y,0,6,Y,A1400016,296,인천사랑병원,Y,N,N,Y,Y,Y,Y,Y,Y,Y,N,N,인천사랑병원,108.8927012
2,가톨릭대학교인천성모병원,032-280-6107,A1400012,0,Y,Y,0,-2,2,0,Y,1,Y,0,0,Y,N,0,0,Y,2,92,0,2.02E+13,Y,6,13,Y,A1400012,297,가톨릭대학교인천성모병원,Y,Y,Y,Y,Y,Y,Y,Y,Y,Y,Y,Y,가톨릭대학교인천성모병원,175.6996474
3,안은의료재단 부평세림병원,032-509-5777,A1400013,0,0,0,0,0,0,0,Y,0,0,0,0,Y,N,0,0,Y,15,72,4,2.02E+13,Y,0,4,Y,A1400013,299,안은의료재단,Y,N,Y,N,Y,N,Y,N,Y,N,N,N,안은의료재단 부평세림병원,59.32822489
3,가톨릭관동대학교국제성모병원,032-290-3065,A1400015,0,Y,Y,0,0,0,0,Y,1,Y,0,0,Y,N,0,0,Y,7,167,6,2.02E+13,Y,0,8,Y,A1400015,300,가톨릭관동대학교국제성모병원,N,N,N,N,Y,N,N,N,N,N,N,N,가톨릭관동대학교국제성모병원,96.54478192
1,온누리병원,032-568-9111,A1400005,0,0,0,0,0,0,0,Y,0,0,0,0,Y,N,0,0,Y,7,44,0,2.02E+13,Y,0,4,Y,A1400005,301,온누리병원,Y,N,Y,Y,Y,N,Y,Y,Y,Y,N,N,온누리병원,72.00386925
3,의료법인루가의료재단나은병원,032-584-4119,A1400003,0,0,0,0,0,0,0,Y,0,Y,0,0,Y,N,0,0,Y,17,97,9,2.02E+13,Y,0,6,Y,A1400003,302,의료법인루가의료재단나은병원,Y,N,N,Y,Y,Y,Y,N,Y,Y,N,N,의료법인루가의료재단나은병원,92.26218839
3,검단탑병원,032-590-0077,A1400010,0,0,0,0,0,0,0,Y,0,Y,0,0,Y,N,0,0,Y,9,88,4,2.02E+13,Y,0,4,Y,A1400010,303,검단탑병원,Y,N,Y,Y,Y,Y,Y,Y,Y,Y,N,N,검단탑병원,96.10808119
2,의료법인성세의료재단뉴성민병원,032-726-1190,A1400008,0,0,0,0,0,0,0,Y,0,0,0,0,Y,N,0,0,Y,6,72,0,2.02E+13,Y,0,5,Y,A1400008,304,의료법인성세의료재단뉴성민병원,N,N,N,N,Y,N,Y,Y,Y,N,N,N,의료법인성세의료재단뉴성민병원,65.1022866
2,의료법인 나사렛의료재단 나사렛국제병원,032-899-9699,A1400011,0,0,0,0,0,0,0,Y,0,Y,0,0,Y,N,0,0,Y,13,50,7,2.02E+13,Y,0,4,Y,A1400011,305,의료법인,N,N,N,N,Y,N,Y,Y,Y,Y,N,N,의료법인 나사렛의료재단 나사렛국제병원,73.73384761
3,인천기독병원,032-270-8300,A1400009,0,0,0,0,0,0,0,Y,0,0,0,0,Y,N,0,0,Y,7,70,0,2.02E+13,Y,0,4,Y,A1400009,307,인천기독병원,Y,N,N,Y,Y,N,N,N,Y,Y,N,N,인천기독병원,61.92707725
3,인하대학교의과대학부속병원,032-890-2301,A1400002,0,Y,Y,0,3,2,0,Y,0,Y,0,0,Y,N,0,0,Y,3,192,0,2.02E+13,Y,9,11,Y,A1400002,308,인하대학교의과대학부속병원,N,N,N,N,Y,N,N,N,N,N,N,N,인하대학교의과대학부속병원,108.550794
2,의료법인영성의료재단고흥종합병원,061-830-3118,A2600018,0,0,Y,0,0,0,0,Y,0,0,0,0,Y,N,0,0,Y,9,135,2,2.02E+13,Y,0,3,Y,A2600018,310,의료법인영성의료재단고흥종합병원,Y,N,N,N,Y,N,Y,N,Y,Y,N,N,의료법인영성의료재단고흥종합병원,75.07898468
2,곡성사랑병원,061-360-6009,A2600029,0,0,0,0,0,0,0,Y,0,0,0,0,Y,N,0,0,Y,6,13,0,2.02E+13,N1,0,1,Y,A2600029,312,곡성사랑병원,N,N,N,N,Y,N,N,N,Y,N,N,Y,곡성사랑병원,49.41949488
1,광양사랑병원,061-797-7119,A2600006,0,0,0,0,0,0,0,Y,0,0,0,0,Y,N,0,0,Y,10,60,6,2.02E+13,Y,0,0,Y,A2600006,313,광양사랑병원,N,N,Y,N,Y,N,Y,N,Y,Y,N,N,광양사랑병원,55.14183821
2,나주종합병원,061-330-6112,A2600016,0,0,0,0,0,0,0,Y,0,0,0,0,Y,N,0,0,Y,3,45,0,2.02E+13,Y,0,2,Y,A2600016,315,나주종합병원,N,N,N,N,Y,N,Y,N,N,N,N,N,나주종합병원,47.84626755
2,담양사랑병원,061-380-9119,A2600054,0,0,0,0,0,0,0,Y,0,0,0,0,Y,N,0,0,Y,4,33,0,2.02E+13,N1,0,2,Y,A2600054,316,담양사랑병원,N,N,N,N,Y,N,N,N,N,Y,N,N,담양사랑병원,32.24052508
3,전남중앙병원,061-260-3119,A2600053,0,0,0,0,0,0,0,Y,0,0,0,0,Y,N,0,0,Y,9,39,0,2.02E+13,Y,0,3,Y,A2600053,317,전남중앙병원,Y,N,N,N,Y,N,Y,N,Y,N,N,N,전남중앙병원,55.64018971
2,목포기독병원,061-280-7119,A2600020,0,0,0,0,0,0,0,Y,0,0,0,0,Y,N,0,0,Y,7,61,3,2.02E+13,Y,0,3,Y,A2600020,319,목포기독병원,Y,N,Y,Y,Y,N,Y,N,Y,Y,N,N,목포기독병원,66.59392256
2,목포한국병원,061-270-5666,A2600011,0,Y,Y,0,0,0,0,Y,0,Y,0,6,Y,N,0,0,Y,6,65,3,2.02E+13,Y,0,5,Y,A2600011,320,목포한국병원,Y,N,N,Y,Y,Y,Y,N,Y,Y,N,N,목포한국병원,122.7303324
3,의료법인목포구암의료재단 목포중앙병원,061-280-3119,A2600017,0,0,0,0,0,0,0,Y,0,Y,0,0,Y,N,0,0,Y,16,105,2,2.02E+13,Y,0,6,Y,A2600017,321,의료법인목포구암의료재단,Y,N,N,Y,Y,Y,Y,N,Y,Y,N,Y,의료법인목포구암의료재단 목포중앙병원,104.8084385
3,목포시의료원,061-260-6400,A2600022,0,0,0,0,0,0,0,Y,0,0,0,0,Y,N,0,0,Y,10,55,0,2.02E+13,Y,0,2,Y,A2600022,322,목포시의료원,N,N,N,N,Y,N,Y,N,Y,Y,N,Y,목포시의료원,67.94104086
2,대송의료재단무안병원,061-450-3119,A2600003,0,0,0,0,0,0,0,Y,0,0,0,0,Y,N,0,0,Y,2,90,5,2.02E+13,N,0,2,Y,A2600003,323,대송의료재단무안병원,N,N,N,N,Y,N,N,N,N,N,N,N,대송의료재단무안병원,35.95821192
2,보성아산병원,061-850-3119,A2600052,0,0,0,0,0,0,0,Y,0,0,0,0,Y,N,0,0,Y,10,34,0,2.02E+13,N1,0,2,Y,A2600052,324,보성아산병원,N,N,N,N,Y,N,N,N,N,N,N,N,보성아산병원,32.44475742
3,순천제일병원,061-720-3800,A2600008,0,0,0,0,0,0,0,Y,0,0,0,0,Y,N,0,0,Y,9,41,0,2.02E+13,Y,0,2,Y,A2600008,326,순천제일병원,N,N,N,N,Y,N,N,N,Y,N,N,N,순천제일병원,49.42281004
3,전라남도순천의료원,061-759-9119,A2600056,0,0,0,0,0,0,0,Y,0,0,0,0,Y,N,0,0,Y,9,78,6,2.02E+13,Y,0,3,Y,A2600056,327,전라남도순천의료원,N,N,N,N,Y,N,N,N,N,N,N,N,전라남도순천의료원,45.45346811
3,성가롤로병원,061-720-6119,A2600019,0,N,Y,0,5,2,0,Y,0,Y,0,0,Y,N,0,0,Y,9,100,0,2.02E+13,Y,0,9,Y,A2600019,328,성가롤로병원,Y,N,Y,Y,Y,Y,Y,N,Y,Y,N,N,성가롤로병원,124.1419686
3,의료법인한국의료재단한국병원,061-740-5119,A2600005,0,0,0,0,0,0,0,Y,0,0,0,0,Y,N,0,0,Y,3,61,7,2.02E+13,Y,0,3,Y,A2600005,329,의료법인한국의료재단한국병원,N,N,N,N,Y,N,Y,N,Y,Y,N,N,의료법인한국의료재단한국병원,56.95466514
3,근로복지공단 순천병원,061-720-7539,A2600012,0,0,0,0,0,0,0,Y,0,0,0,0,Y,N,0,0,Y,2,73,2,2.02E+13,Y,0,3,Y,A2600012,330,근로복지공단,Y,N,N,N,Y,N,Y,N,N,N,N,N,근로복지공단 순천병원,50.49180794
2,여천전남병원,061-690-6118,A2600014,0,0,0,0,0,0,0,Y,0,Y,0,0,Y,N,0,0,Y,18,80,8,2.02E+13,Y,0,5,Y,A2600014,332,여천전남병원,Y,N,N,Y,Y,Y,N,N,N,Y,N,N,여천전남병원,77.58106477
2,의료법인한마음의료재단여수제일병원,061-689-8119,A2600027,0,0,Y,0,0,0,0,Y,0,0,0,0,Y,N,0,0,Y,3,113,0,2.02E+13,Y,0,2,Y,A2600027,333,의료법인한마음의료재단여수제일병원,N,N,N,N,Y,N,N,N,N,N,N,N,의료법인한마음의료재단여수제일병원,59.90647204
2,여수전남병원,061-640-7119,A2600010,0,0,0,0,0,0,0,Y,0,0,0,0,Y,N,0,0,Y,8,61,1,2.02E+13,Y,0,3,Y,A2600010,334,여수전남병원,N,N,N,Y,Y,N,Y,N,Y,Y,N,N,여수전남병원,66.06585039
2,의료법인 거명의료재단 영광기독병원,061-350-3080,A2600034,0,0,0,0,0,0,0,Y,0,0,0,0,Y,N,0,0,Y,9,81,0,2.02E+13,Y,0,1,Y,A2600034,335,의료법인,N,N,N,N,Y,N,N,N,Y,N,N,N,의료법인 거명의료재단 영광기독병원,51.24432858
1,영광종합병원,061-350-8129,A2600015,0,0,Y,0,0,0,0,Y,0,0,0,0,Y,N,0,0,Y,7,46,1,2.02E+13,Y,0,3,Y,A2600015,336,영광종합병원,Y,N,N,N,Y,N,Y,N,Y,Y,N,N,영광종합병원,69.15617875
1,완도대성병원,061-554-9500,A2600032,0,0,0,0,0,0,0,Y,0,0,0,0,Y,N,0,0,Y,4,62,0,2.02E+13,N1,0,1,Y,A2600032,337,완도대성병원,N,Y,N,N,Y,N,N,N,N,N,N,N,완도대성병원,48.29515762
3,해남우리종합병원,061-530-7119,A2600077,0,0,0,0,0,0,0,Y,0,0,0,0,Y,N,0,0,Y,15,36,6,2.02E+13,Y,0,2,Y,A2600077,342,해남우리종합병원,N,N,Y,Y,Y,Y,Y,N,Y,Y,N,Y,해남우리종합병원,86.75882276
2,의료법인행촌의료재단해남종합병원,061-530-0119,A2600009,0,0,0,0,0,0,0,Y,0,0,0,0,Y,N,0,0,Y,6,134,4,2.02E+13,Y,0,3,Y,A2600009,343,의료법인행촌의료재단해남종합병원,Y,N,N,N,Y,N,Y,N,Y,Y,N,N,의료법인행촌의료재단해남종합병원,61.84401231
2,화순전남대학교병원,061-379-8882,A2600001,0,Y,Y,0,4,5,0,Y,0,Y,0,0,Y,N,0,0,Y,9,21,0,2.02E+13,Y,1,10,Y,A2600001,344,화순전남대학교병원,Y,N,N,Y,Y,N,N,N,Y,Y,N,N,화순전남대학교병원,121.3120124
2,의료법인석천재단고창병원,063-560-5558,A2500009,0,0,0,0,0,0,0,Y,0,0,0,0,Y,N,0,0,Y,7,93,0,2.02E+13,Y,0,2,Y,A2500009,346,의료법인석천재단고창병원,Y,N,N,N,Y,N,Y,N,Y,N,N,N,의료법인석천재단고창병원,58.34007187
2,전라북도군산의료원,063-472-5130,A2500007,0,0,Y,0,0,0,0,Y,0,0,0,0,Y,N,0,0,Y,17,129,12,2.02E+13,Y,0,6,Y,A2500007,347,전라북도군산의료원,Y,N,N,Y,Y,N,Y,N,N,N,Y,N,전라북도군산의료원,94.31729186
2,의료법인오성의료재단동군산병원,063-440-0515,A2500012,0,0,0,0,0,0,0,Y,0,Y,0,0,Y,N,0,0,Y,14,54,5,2.02E+13,Y,0,6,Y,A2500012,348,의료법인오성의료재단동군산병원,Y,N,N,Y,Y,Y,Y,N,Y,N,N,N,의료법인오성의료재단동군산병원,89.3537644
2,전라북도 남원의료원,063-620-1119,A2500004,0,0,Y,0,0,0,0,Y,0,0,0,0,Y,N,0,0,Y,19,109,0,2.02E+13,Y,0,3,Y,A2500004,349,전라북도,Y,N,N,Y,Y,N,Y,N,Y,Y,N,N,전라북도 남원의료원,82.58853782
1,의료법인혜성병원,063-583-5001,A2500018,0,0,0,0,0,0,0,Y,0,0,0,0,Y,N,0,0,Y,7,53,0,2.02E+13,Y,0,1,Y,A2500018,351,의료법인혜성병원,Y,N,N,N,Y,N,N,N,Y,N,N,N,의료법인혜성병원,49.34939976
1,부안성모병원,063-580-8119,A2500010,0,0,0,0,0,0,0,Y,0,0,0,0,Y,N,0,0,Y,12,64,2,2.02E+13,Y,0,3,Y,A2500010,352,부안성모병원,N,N,N,N,Y,N,Y,N,N,N,N,N,부안성모병원,50.12786694
2,원광대학교병원,063-859-1165,A2500001,0,Y,Y,0,1,2,0,Y,0,Y,0,5,Y,N,0,0,Y,-9,61,0,2.02E+13,Y,12,2,Y,A2500001,354,원광대학교병원,Y,Y,N,Y,Y,Y,Y,N,Y,N,Y,Y,원광대학교병원,167.277687
2,의료법인대산의료재단익산병원,063-840-9112,A2500011,0,0,0,0,0,0,0,Y,0,0,0,0,Y,N,0,0,Y,15,26,4,2.02E+13,Y,0,5,Y,A2500011,355,의료법인대산의료재단익산병원,N,N,N,Y,Y,N,Y,N,Y,N,N,N,의료법인대산의료재단익산병원,65.55543324
1,전북대학교병원,063-250-1131,A2500002,0,Y,Y,0,1,0,0,Y,10,Y,0,0,Y,N,0,0,Y,1,195,0,2.02E+13,Y,16,20,Y,A2500002,358,전북대학교병원,Y,Y,N,Y,Y,Y,Y,Y,Y,Y,Y,Y,전북대학교병원,218.5435976
3,대자인병원,063-250-8701,A2500056,0,0,0,0,0,0,0,Y,0,Y,0,0,Y,N,0,0,Y,15,43,8,2.02E+13,Y,0,6,Y,A2500056,359,대자인병원,Y,N,N,Y,Y,Y,Y,Y,N,N,N,N,대자인병원,87.13102409
2,재단법인예수병원유지재단예수병원,063-230-8280,A2500006,0,Y,Y,0,0,0,0,Y,2,Y,0,0,Y,N,0,0,Y,36,120,3,2.02E+13,Y,9,10,Y,A2500006,361,재단법인예수병원유지재단예수병원,Y,Y,N,Y,Y,Y,Y,N,Y,Y,Y,Y,재단법인예수병원유지재단예수병원,173.2573557
2,의료법인영경의료재단전주병원,063-226-6119,A2500005,0,0,0,0,0,0,0,Y,0,0,0,0,Y,N,0,0,Y,12,15,4,2.02E+13,Y,0,3,Y,A2500005,362,의료법인영경의료재단전주병원,Y,N,N,Y,Y,N,Y,N,Y,N,N,N,의료법인영경의료재단전주병원,63.12056924
2,재단법인 아산사회복지재단 정읍아산병원,063-530-6129,A2500008,0,0,0,0,0,0,0,Y,0,0,0,0,Y,N,0,0,Y,18,31,3,2.02E+13,Y,0,3,Y,A2500008,363,재단법인,Y,N,N,Y,Y,N,Y,N,Y,Y,N,Y,재단법인 아산사회복지재단 정읍아산병원,76.35630072
3,진안군의료원,063-430-7119,A2502031,0,0,0,0,0,0,0,Y,0,0,0,0,Y,N,0,0,Y,6,47,0,2.02E+13,N1,0,2,Y,A2502031,364,진안군의료원,N,N,N,N,Y,N,N,N,N,N,N,N,진안군의료원,33.21102308
2,제주특별자치도 서귀포의료원,064-730-3001,A2900002,0,0,Y,0,0,0,0,Y,0,Y,0,0,Y,N,0,0,Y,15,97,6,2.02E+13,Y,0,4,Y,A2900002,365,제주특별자치도,Y,N,N,N,Y,Y,Y,N,Y,Y,N,N,제주특별자치도 서귀포의료원,94.68052003
3,제주한라병원,064-740-5159,A2900001,0,Y,Y,0,0,0,0,Y,0,Y,0,13,Y,N,0,0,Y,10,57,2,2.02E+13,Y,2,6,Y,A2900001,366,제주한라병원,Y,N,Y,Y,Y,Y,Y,Y,Y,Y,N,N,제주한라병원,136.7834465
#N/A,한국병원,064-750-0119,A2900003,0,0,0,0,0,0,0,Y,0,0,0,0,Y,N,0,0,Y,10,75,7,2.02E+13,Y,0,2,Y,A2900003,367,한국병원,Y,N,Y,Y,Y,N,Y,N,Y,Y,N,N,한국병원,66.7677418
2,제주대학교병원,064-717-1903,A2900007,0,Y,Y,0,4,2,0,Y,0,Y,0,0,Y,N,0,0,Y,6,84,0,2.02E+13,Y,10,12,Y,A2900007,368,제주대학교병원,Y,Y,Y,Y,Y,N,Y,Y,Y,Y,Y,Y,제주대학교병원,174.8852265
2,한마음병원,064-750-9846,A2900005,0,0,0,0,0,0,0,Y,0,Y,0,0,Y,N,0,0,Y,9,13,3,2.02E+13,Y,0,4,Y,A2900005,369,한마음병원,Y,N,N,Y,Y,Y,Y,Y,Y,Y,N,N,한마음병원,90.6046675
1,의료법인 중앙의료재단 중앙병원,064-786-7119,A2900006,0,0,0,0,0,0,0,Y,0,Y,0,0,Y,N,0,0,Y,14,126,13,2.02E+13,Y,0,6,Y,A2900006,370,의료법인,Y,N,Y,Y,Y,N,Y,N,Y,Y,N,N,의료법인 중앙의료재단 중앙병원,84.24901021
1,의료법인백제병원,041-730-8882,A2400009,0,0,0,0,0,0,0,Y,0,Y,0,0,Y,N,0,0,Y,16,108,3,2.02E+13,Y,0,3,Y,A2400009,372,의료법인백제병원,Y,N,N,Y,Y,Y,Y,N,Y,Y,N,Y,의료법인백제병원,102.5473938
2,당진종합병원,070-7332-8248,A2400008,0,0,0,0,0,0,0,Y,0,0,0,0,Y,N,0,0,Y,14,95,3,2.02E+13,Y,0,4,Y,A2400008,373,당진종합병원,Y,N,Y,Y,Y,N,Y,Y,Y,Y,N,N,당진종합병원,75.5326738
2,재단법인아산사회복지재단보령아산병원,041-930-5333,A2400011,0,0,0,0,0,0,0,Y,0,0,0,0,Y,N,0,0,Y,5,37,3,2.02E+13,Y,0,2,Y,A2400011,374,재단법인아산사회복지재단보령아산병원,N,N,N,N,Y,N,N,N,N,N,N,N,재단법인아산사회복지재단보령아산병원,41.83435971
1,학교법인건양학원건양대학교부여병원,041-837-1201,A2400038,0,0,0,0,0,0,0,Y,0,0,0,0,Y,N,0,0,Y,10,16,0,2.02E+13,N1,0,1,Y,A2400038,375,학교법인건양학원건양대학교부여병원,N,N,N,N,N,N,N,N,N,N,N,N,학교법인건양학원건양대학교부여병원,17.89005735
2,서산중앙병원,041-661-1195,A2400003,0,0,0,0,0,0,0,Y,0,0,0,0,Y,N,0,0,Y,12,31,4,2.02E+13,Y,0,3,Y,A2400003,376,서산중앙병원,Y,N,Y,Y,Y,N,Y,N,Y,Y,N,N,서산중앙병원,64.72816736
2,충청남도서산의료원,041-689-7119,A2400006,0,0,0,0,0,0,0,Y,0,0,0,0,Y,N,0,0,Y,14,29,2,2.02E+13,Y,0,2,Y,A2400006,377,충청남도서산의료원,Y,N,N,Y,Y,N,N,N,Y,N,N,N,충청남도서산의료원,57.74162602
2,아산충무병원,041-536-6519,A2402257,0,0,0,0,0,0,0,Y,0,Y,0,0,Y,N,0,0,Y,7,168,7,2.02E+13,Y,0,3,Y,A2402257,379,아산충무병원,Y,N,N,Y,Y,Y,Y,Y,Y,Y,N,N,아산충무병원,99.97365767
2,단국대학교의과대학부속병원,041-550-6840,A2400002,0,Y,Y,0,0,1,0,Y,1,Y,0,3,Y,N,0,0,Y,16,52,0,2.02E+13,Y,0,11,Y,A2400002,380,단국대학교의과대학부속병원,Y,Y,N,Y,Y,Y,Y,Y,Y,Y,Y,Y,단국대학교의과대학부속병원,176.9595204
3,학교법인동은학원순천향대학교부속천안병원,041-570-2299,A2400001,0,Y,Y,0,2,3,0,Y,0,Y,0,0,Y,N,0,0,Y,7,63,1,2.02E+13,Y,-2,12,Y,A2400001,381,학교법인동은학원순천향대학교부속천안병원,Y,Y,N,Y,Y,Y,Y,Y,Y,Y,Y,Y,학교법인동은학원순천향대학교부속천안병원,180.7852699
3,충청남도천안의료원,NA,A2400005,0,0,0,0,0,0,0,Y,0,0,0,0,Y,N,0,0,Y,12,223,0,2.02E+13,Y,0,4,Y,A2400005,382,충청남도천안의료원,N,N,N,N,Y,N,Y,N,Y,N,N,N,충청남도천안의료원,68.67866497
3,의료법인영서의료재단천안충무병원,041-570-7519,A2400012,0,0,0,0,0,0,0,Y,0,Y,0,0,Y,N,0,0,Y,10,73,2,2.02E+13,Y,0,4,Y,A2400012,383,의료법인영서의료재단천안충무병원,Y,N,N,Y,Y,Y,Y,Y,Y,Y,N,N,의료법인영서의료재단천안충무병원,94.58954744
2,청양군보건의료원,041-940-4951,E2400032,0,0,0,0,0,0,0,0,0,0,0,0,Y,N,0,0,N1,6,0,0,2.02E+13,N1,0,1,Y,E2400032,384,청양군보건의료원,N,N,N,N,Y,N,N,N,N,N,N,N,청양군보건의료원,-1.832115959
2,충청남도홍성의료원,041-630-6119,A2400007,0,0,0,0,0,0,0,Y,0,Y,0,0,Y,N,0,0,Y,15,158,12,2.02E+13,Y,0,4,Y,A2400007,386,충청남도홍성의료원,N,N,N,N,Y,N,N,N,N,N,N,N,충청남도홍성의료원,62.43655903
1,의료법인힐링의료재단옥천성모병원,043-730-7119,A2300011,0,0,0,0,0,0,0,Y,0,0,0,0,Y,N,0,0,Y,8,62,0,2.02E+13,Y,0,2,Y,A2300011,389,의료법인힐링의료재단옥천성모병원,Y,N,N,N,Y,N,Y,N,N,N,N,N,의료법인힐링의료재단옥천성모병원,49.08395866
3,의료법인명지의료재단명지병원,043-640-8117,A2300009,0,0,0,0,0,0,0,Y,0,Y,0,0,Y,N,0,0,Y,7,21,2,2.02E+13,Y,0,3,Y,A2300009,391,의료법인명지의료재단명지병원,Y,N,N,N,Y,N,Y,N,Y,Y,N,N,의료법인명지의료재단명지병원,65.14828383
2,의료법인자산의료재단제천서울병원,043-643-2327,A2300005,0,0,0,0,0,0,0,Y,0,0,0,0,Y,N,0,0,Y,20,46,3,2.02E+13,Y,0,2,Y,A2300005,392,의료법인자산의료재단제천서울병원,Y,N,N,Y,Y,Y,Y,N,Y,Y,N,N,의료법인자산의료재단제천서울병원,74.94215514
2,의료법인건명의료재단진천성모병원,043-537-9119,A2300013,0,0,0,0,0,0,0,Y,0,0,0,0,Y,N,0,0,Y,8,85,1,2.02E+13,Y,0,5,Y,A2300013,393,의료법인건명의료재단진천성모병원,N,N,N,N,Y,N,N,N,N,N,N,N,의료법인건명의료재단진천성모병원,47.53207464
3,의료법인인화재단한국병원,043-222-6177,A2300007,0,0,Y,0,0,0,0,Y,0,Y,0,0,Y,N,0,0,Y,17,30,3,2.02E+13,Y,0,5,Y,A2300007,394,의료법인인화재단한국병원,Y,N,N,Y,Y,Y,Y,N,Y,Y,N,N,의료법인인화재단한국병원,100.1182551
2,의료법인정산의료재단효성병원,043-222-8275,A2300003,0,0,N,0,0,0,0,Y,0,Y,0,0,Y,N,0,0,Y,17,102,10,2.02E+13,Y,0,4,Y,A2300003,395,의료법인정산의료재단효성병원,Y,N,Y,Y,Y,Y,Y,N,Y,Y,N,N,의료법인정산의료재단효성병원,91.5040233
2,충북대학교병원,043-269-6993,A2300001,0,Y,Y,0,0,0,0,Y,0,Y,0,2,Y,N,1,0,Y,12,67,7,2.02E+13,Y,8,13,Y,A2300001,396,충북대학교병원,Y,Y,N,Y,Y,Y,Y,N,Y,Y,Y,Y,충북대학교병원,167.5542458
3,충청북도청주의료원,NA,A2300006,0,0,Y,0,0,0,0,Y,0,Y,0,0,Y,N,0,0,Y,7,340,13,2.02E+13,Y,0,5,Y,A2300006,397,충청북도청주의료원,N,N,N,N,Y,N,Y,N,Y,N,N,Y,충청북도청주의료원,112.9924033
3,청주성모병원,043-219-8119,A2300008,0,0,Y,0,0,5,0,Y,0,Y,0,0,Y,N,0,0,Y,10,113,0,2.02E+13,Y,0,8,Y,A2300008,398,청주성모병원,Y,Y,N,Y,Y,Y,Y,N,Y,Y,N,N,청주성모병원,133.153484
2,의료법인한마음의료재단하나병원,043-230-6122,A2300002,0,0,0,0,0,0,0,Y,0,Y,0,0,Y,N,0,0,Y,3,62,0,2.02E+13,Y,0,7,Y,A2300002,399,의료법인한마음의료재단하나병원,Y,N,N,Y,Y,Y,Y,N,Y,Y,N,N,의료법인한마음의료재단하나병원,90.44835339
2,건국대학교의료원충주병원,043-840-8330,A2300010,0,Y,Y,0,0,0,0,Y,0,Y,0,0,Y,N,0,0,Y,8,36,6,2.02E+13,Y,0,5,Y,A2300010,401,건국대학교의료원충주병원,Y,N,N,Y,Y,Y,Y,N,Y,Y,N,Y,건국대학교의료원충주병원,126.5548444
2,충청북도충주의료원,043-871-9119,A2300004,0,0,0,0,0,0,0,Y,0,Y,0,0,Y,N,0,0,Y,7,135,3,2.02E+13,Y,0,4,Y,A2300004,402,충청북도충주의료원,N,N,N,N,Y,Y,Y,N,N,N,N,N,충청북도충주의료원,76.67338693
