시도 구분,시군구 구분,요양기관종별,요양기관 수
서울,강남구,상급종합병원,2
서울,강동구,상급종합병원,0
서울,강서구,상급종합병원,0
서울,관악구,상급종합병원,0
서울,구로구,상급종합병원,1
서울,도봉구,상급종합병원,0
서울,동대문구,상급종합병원,1
서울,동작구,상급종합병원,1
서울,마포구,상급종합병원,0
서울,서대문구,상급종합병원,1
서울,성동구,상급종합병원,1
서울,성북구,상급종합병원,1
서울,영등포구,상급종합병원,0
서울,용산구,상급종합병원,0
서울,은평구,상급종합병원,0
서울,종로구,상급종합병원,2
서울,중구,상급종합병원,0
서울,송파구,상급종합병원,1
서울,중랑구,상급종합병원,0
서울,양천구,상급종합병원,0
서울,서초구,상급종합병원,1
서울,노원구,상급종합병원,0
서울,광진구,상급종합병원,1
서울,강북구,상급종합병원,0
서울,금천구,상급종합병원,0
부산,남구,상급종합병원,0
부산,동구,상급종합병원,0
부산,동래구,상급종합병원,0
부산,진구,상급종합병원,1
부산,북구,상급종합병원,0
부산,서구,상급종합병원,3
부산,영도구,상급종합병원,0
부산,중구,상급종합병원,0
부산,해운대구,상급종합병원,0
부산,사하구,상급종합병원,0
부산,금정구,상급종합병원,0
부산,강서구,상급종합병원,0
부산,연제구,상급종합병원,0
부산,수영구,상급종합병원,0
부산,사상구,상급종합병원,0
부산,기장군,상급종합병원,0
대구,남구,상급종합병원,2
대구,동구,상급종합병원,0
대구,북구,상급종합병원,1
대구,서구,상급종합병원,0
대구,수성구,상급종합병원,0
대구,중구,상급종합병원,2
대구,달서구,상급종합병원,0
대구,달성군,상급종합병원,0
인천,남구,상급종합병원,0
인천,미추홀구,상급종합병원,0
인천,동구,상급종합병원,0
인천,부평구,상급종합병원,1
인천,중구,상급종합병원,1
인천,서구,상급종합병원,0
인천,남동구,상급종합병원,1
인천,연수구,상급종합병원,0
인천,계양구,상급종합병원,0
인천,강화군,상급종합병원,0
인천,옹진군,상급종합병원,0
광주,동구,상급종합병원,2
광주,북구,상급종합병원,0
광주,서구,상급종합병원,0
광주,광산구,상급종합병원,0
광주,남구,상급종합병원,0
대전,유성구,상급종합병원,0
대전,대덕구,상급종합병원,0
대전,서구,상급종합병원,0
대전,동구,상급종합병원,0
대전,중구,상급종합병원,1
울산,남구,상급종합병원,0
울산,동구,상급종합병원,0
울산,중구,상급종합병원,0
울산,북구,상급종합병원,0
울산,울주군,상급종합병원,0
세종,세종시,상급종합병원,0
경기,가평군,상급종합병원,0
경기,양평군,상급종합병원,0
경기,여주시,상급종합병원,0
경기,연천군,상급종합병원,0
경기,광명시,상급종합병원,0
경기,동두천시,상급종합병원,0
경기,부천시,상급종합병원,1
경기,성남시 수정구,상급종합병원,0
경기,성남시 중원구,상급종합병원,0
경기,성남시 분당구,상급종합병원,1
경기,수원시 권선구,상급종합병원,0
경기,수원시 장안구,상급종합병원,0
경기,수원시 팔달구,상급종합병원,0
경기,수원시 영통구,상급종합병원,1
경기,안양시 만안구,상급종합병원,0
경기,안양시 동안구,상급종합병원,1
경기,의정부시,상급종합병원,0
경기,과천시,상급종합병원,0
경기,구리시,상급종합병원,0
경기,안산시 단원구,상급종합병원,1
경기,안산시 상록구,상급종합병원,0
경기,평택시,상급종합병원,0
경기,하남시,상급종합병원,0
경기,군포시,상급종합병원,0
경기,남양주시,상급종합병원,0
경기,의왕시,상급종합병원,0
경기,시흥시,상급종합병원,0
경기,오산시,상급종합병원,0
경기,고양시 덕양구,상급종합병원,0
경기,고양시 일산 서구,상급종합병원,0
경기,고양시 일산 동구,상급종합병원,0
경기,용인기흥구,상급종합병원,0
경기,용인수지구,상급종합병원,0
경기,용인처인구,상급종합병원,0
경기,이천시,상급종합병원,0
경기,파주시,상급종합병원,0
경기,김포시,상급종합병원,0
경기,안성시,상급종합병원,0
경기,화성시,상급종합병원,0
경기,광주시,상급종합병원,0
경기,양주시,상급종합병원,0
경기,포천시,상급종합병원,0
강원,고성군,상급종합병원,0
강원,양구군,상급종합병원,0
강원,양양군,상급종합병원,0
강원,영월군,상급종합병원,0
강원,인제군,상급종합병원,0
강원,정선군,상급종합병원,0
강원,철원군,상급종합병원,0
강원,평창군,상급종합병원,0
강원,홍천군,상급종합병원,0
강원,화천군,상급종합병원,0
강원,횡성군,상급종합병원,0
강원,강릉시,상급종합병원,0
강원,동해시,상급종합병원,0
강원,속초시,상급종합병원,0
강원,원주시,상급종합병원,1
강원,춘천시,상급종합병원,0
강원,태백시,상급종합병원,0
강원,삼척시,상급종합병원,0
충북,괴산군,상급종합병원,0
충북,단양군,상급종합병원,0
충북,보은군,상급종합병원,0
충북,영동군,상급종합병원,0
충북,옥천군,상급종합병원,0
충북,음성군,상급종합병원,0
충북,진천군,상급종합병원,0
충북,증평군,상급종합병원,0
충북,청주시 상당구,상급종합병원,0
충북,청주시 흥덕구,상급종합병원,0
충북,청주시 청원구,상급종합병원,0
충북,청주시 서원구,상급종합병원,1
충북,충주시,상급종합병원,0
충북,제천시,상급종합병원,0
충남,금산군,상급종합병원,0
충남,당진시,상급종합병원,0
충남,부여군,상급종합병원,0
충남,서천군,상급종합병원,0
충남,예산군,상급종합병원,0
충남,청양군,상급종합병원,0
충남,홍성군,상급종합병원,0
충남,태안군,상급종합병원,0
충남,천안시 서북구,상급종합병원,0
충남,천안시 동남구,상급종합병원,2
충남,공주시,상급종합병원,0
충남,보령시,상급종합병원,0
충남,아산시,상급종합병원,0
충남,서산시,상급종합병원,0
충남,논산시,상급종합병원,0
충남,계룡시,상급종합병원,0
전북,고창군,상급종합병원,0
전북,무주군,상급종합병원,0
전북,부안군,상급종합병원,0
전북,순창군,상급종합병원,0
전북,완주군,상급종합병원,0
전북,임실군,상급종합병원,0
전북,장수군,상급종합병원,0
전북,진안군,상급종합병원,0
전북,군산시,상급종합병원,0
전북,남원시,상급종합병원,0
전북,익산시,상급종합병원,1
전북,전주시 완산구,상급종합병원,0
전북,전주시 덕진구,상급종합병원,1
전북,정읍시,상급종합병원,0
전북,김제시,상급종합병원,0
전남,강진군,상급종합병원,0
전남,고흥군,상급종합병원,0
전남,곡성군,상급종합병원,0
전남,구례군,상급종합병원,0
전남,담양군,상급종합병원,0
전남,무안군,상급종합병원,0
전남,보성군,상급종합병원,0
전남,신안군,상급종합병원,0
전남,영광군,상급종합병원,0
전남,영암군,상급종합병원,0
전남,완도군,상급종합병원,0
전남,장성군,상급종합병원,0
전남,장흥군,상급종합병원,0
전남,진도군,상급종합병원,0
전남,함평군,상급종합병원,0
전남,해남군,상급종합병원,0
전남,화순군,상급종합병원,1
전남,나주시,상급종합병원,0
전남,목포시,상급종합병원,0
전남,순천시,상급종합병원,0
전남,여수시,상급종합병원,0
전남,광양시,상급종합병원,0
경북,고령군,상급종합병원,0
경북,군위군,상급종합병원,0
경북,봉화군,상급종합병원,0
경북,성주군,상급종합병원,0
경북,영덕군,상급종합병원,0
경북,영양군,상급종합병원,0
경북,예천군,상급종합병원,0
경북,울릉군,상급종합병원,0
경북,울진군,상급종합병원,0
경북,의성군,상급종합병원,0
경북,청도군,상급종합병원,0
경북,청송군,상급종합병원,0
경북,칠곡군,상급종합병원,0
경북,경주시,상급종합병원,0
경북,구미시,상급종합병원,0
경북,김천시,상급종합병원,0
경북,안동시,상급종합병원,0
경북,영주시,상급종합병원,0
경북,영천시,상급종합병원,0
경북,포항시 남구,상급종합병원,0
경북,포항시 북구,상급종합병원,0
경북,문경시,상급종합병원,0
경북,상주시,상급종합병원,0
경북,경산시,상급종합병원,0
경남,거창군,상급종합병원,0
경남,고성군,상급종합병원,0
경남,남해군,상급종합병원,0
경남,산청군,상급종합병원,0
경남,의령군,상급종합병원,0
경남,창녕군,상급종합병원,0
경남,하동군,상급종합병원,0
경남,함안군,상급종합병원,0
경남,함양군,상급종합병원,0
경남,합천군,상급종합병원,0
경남,김해시,상급종합병원,0
경남,사천시,상급종합병원,0
경남,진주시,상급종합병원,1
경남,창원시 마산회원구,상급종합병원,0
경남,창원시 마산합포구,상급종합병원,0
경남,창원시 진해구,상급종합병원,0
경남,창원시 의창구,상급종합병원,0
경남,창원시 성산구,상급종합병원,0
경남,통영시,상급종합병원,0
경남,밀양시,상급종합병원,0
경남,거제시,상급종합병원,0
경남,양산시,상급종합병원,1
제주,서귀포시,상급종합병원,0
제주,제주시,상급종합병원,0
서울,강남구,종합병원,2
서울,강동구,종합병원,3
서울,강서구,종합병원,4
서울,관악구,종합병원,2
서울,구로구,종합병원,1
서울,도봉구,종합병원,1
서울,동대문구,종합병원,4
서울,동작구,종합병원,1
서울,마포구,종합병원,0
서울,서대문구,종합병원,1
서울,성동구,종합병원,0
서울,성북구,종합병원,0
서울,영등포구,종합병원,7
서울,용산구,종합병원,1
서울,은평구,종합병원,1
서울,종로구,종합병원,2
서울,중구,종합병원,3
서울,송파구,종합병원,1
서울,중랑구,종합병원,3
서울,양천구,종합병원,2
서울,서초구,종합병원,0
서울,노원구,종합병원,3
서울,광진구,종합병원,1
서울,강북구,종합병원,1
서울,금천구,종합병원,1
부산,남구,종합병원,1
부산,동구,종합병원,3
부산,동래구,종합병원,3
부산,진구,종합병원,3
부산,북구,종합병원,2
부산,서구,종합병원,1
부산,영도구,종합병원,2
부산,중구,종합병원,1
부산,해운대구,종합병원,2
부산,사하구,종합병원,0
부산,금정구,종합병원,1
부산,강서구,종합병원,0
부산,연제구,종합병원,1
부산,수영구,종합병원,2
부산,사상구,종합병원,2
부산,기장군,종합병원,1
대구,남구,종합병원,1
대구,동구,종합병원,1
대구,북구,종합병원,1
대구,서구,종합병원,1
대구,수성구,종합병원,1
대구,중구,종합병원,1
대구,달서구,종합병원,4
대구,달성군,종합병원,0
인천,남구,종합병원,0
인천,미추홀구,종합병원,2
인천,동구,종합병원,2
인천,부평구,종합병원,2
인천,중구,종합병원,1
인천,서구,종합병원,5
인천,남동구,종합병원,0
인천,연수구,종합병원,1
인천,계양구,종합병원,2
인천,강화군,종합병원,1
인천,옹진군,종합병원,0
광주,동구,종합병원,1
광주,북구,종합병원,5
광주,서구,종합병원,5
광주,광산구,종합병원,6
광주,남구,종합병원,3
대전,유성구,종합병원,1
대전,대덕구,종합병원,2
대전,서구,종합병원,3
대전,동구,종합병원,1
대전,중구,종합병원,2
울산,남구,종합병원,3
울산,동구,종합병원,1
울산,중구,종합병원,2
울산,북구,종합병원,1
울산,울주군,종합병원,1
세종,세종시,종합병원,0
경기,가평군,종합병원,0
경기,양평군,종합병원,0
경기,여주시,종합병원,0
경기,연천군,종합병원,0
경기,광명시,종합병원,1
경기,동두천시,종합병원,0
경기,부천시,종합병원,4
경기,성남시 수정구,종합병원,1
경기,성남시 중원구,종합병원,1
경기,성남시 분당구,종합병원,3
경기,수원시 권선구,종합병원,0
경기,수원시 장안구,종합병원,1
경기,수원시 팔달구,종합병원,2
경기,수원시 영통구,종합병원,0
경기,안양시 만안구,종합병원,2
경기,안양시 동안구,종합병원,0
경기,의정부시,종합병원,4
경기,과천시,종합병원,0
경기,구리시,종합병원,1
경기,안산시 단원구,종합병원,2
경기,안산시 상록구,종합병원,1
경기,평택시,종합병원,4
경기,하남시,종합병원,0
경기,군포시,종합병원,2
경기,남양주시,종합병원,3
경기,의왕시,종합병원,0
경기,시흥시,종합병원,3
경기,오산시,종합병원,3
경기,고양시 덕양구,종합병원,1
경기,고양시 일산 서구,종합병원,1
경기,고양시 일산 동구,종합병원,3
경기,용인기흥구,종합병원,1
경기,용인수지구,종합병원,0
경기,용인처인구,종합병원,2
경기,이천시,종합병원,1
경기,파주시,종합병원,1
경기,김포시,종합병원,2
경기,안성시,종합병원,2
경기,화성시,종합병원,3
경기,광주시,종합병원,1
경기,양주시,종합병원,0
경기,포천시,종합병원,2
강원,고성군,종합병원,0
강원,양구군,종합병원,0
강원,양양군,종합병원,0
강원,영월군,종합병원,1
강원,인제군,종합병원,0
강원,정선군,종합병원,0
강원,철원군,종합병원,0
강원,평창군,종합병원,0
강원,홍천군,종합병원,1
강원,화천군,종합병원,0
강원,횡성군,종합병원,0
강원,강릉시,종합병원,4
강원,동해시,종합병원,1
강원,속초시,종합병원,2
강원,원주시,종합병원,1
강원,춘천시,종합병원,2
강원,태백시,종합병원,1
강원,삼척시,종합병원,1
충북,괴산군,종합병원,0
충북,단양군,종합병원,0
충북,보은군,종합병원,0
충북,영동군,종합병원,0
충북,옥천군,종합병원,1
충북,음성군,종합병원,0
충북,진천군,종합병원,1
충북,증평군,종합병원,0
충북,청주시 상당구,종합병원,2
충북,청주시 흥덕구,종합병원,2
충북,청주시 청원구,종합병원,1
충북,청주시 서원구,종합병원,1
충북,충주시,종합병원,2
충북,제천시,종합병원,2
충남,금산군,종합병원,0
충남,당진시,종합병원,1
충남,부여군,종합병원,0
충남,서천군,종합병원,0
충남,예산군,종합병원,1
충남,청양군,종합병원,0
충남,홍성군,종합병원,1
충남,태안군,종합병원,0
충남,천안시 서북구,종합병원,1
충남,천안시 동남구,종합병원,1
충남,공주시,종합병원,1
충남,보령시,종합병원,1
충남,아산시,종합병원,1
충남,서산시,종합병원,2
충남,논산시,종합병원,1
충남,계룡시,종합병원,0
전북,고창군,종합병원,1
전북,무주군,종합병원,0
전북,부안군,종합병원,1
전북,순창군,종합병원,0
전북,완주군,종합병원,0
전북,임실군,종합병원,0
전북,장수군,종합병원,0
전북,진안군,종합병원,0
전북,군산시,종합병원,2
전북,남원시,종합병원,1
전북,익산시,종합병원,1
전북,전주시 완산구,종합병원,2
전북,전주시 덕진구,종합병원,2
전북,정읍시,종합병원,1
전북,김제시,종합병원,0
전남,강진군,종합병원,0
전남,고흥군,종합병원,2
전남,곡성군,종합병원,0
전남,구례군,종합병원,0
전남,담양군,종합병원,0
전남,무안군,종합병원,1
전남,보성군,종합병원,0
전남,신안군,종합병원,0
전남,영광군,종합병원,2
전남,영암군,종합병원,0
전남,완도군,종합병원,0
전남,장성군,종합병원,0
전남,장흥군,종합병원,1
전남,진도군,종합병원,0
전남,함평군,종합병원,0
전남,해남군,종합병원,2
전남,화순군,종합병원,0
전남,나주시,종합병원,1
전남,목포시,종합병원,5
전남,순천시,종합병원,5
전남,여수시,종합병원,3
전남,광양시,종합병원,1
경북,고령군,종합병원,0
경북,군위군,종합병원,0
경북,봉화군,종합병원,0
경북,성주군,종합병원,0
경북,영덕군,종합병원,0
경북,영양군,종합병원,0
경북,예천군,종합병원,0
경북,울릉군,종합병원,0
경북,울진군,종합병원,0
경북,의성군,종합병원,0
경북,청도군,종합병원,0
경북,청송군,종합병원,0
경북,칠곡군,종합병원,0
경북,경주시,종합병원,1
경북,구미시,종합병원,3
경북,김천시,종합병원,2
경북,안동시,종합병원,3
경북,영주시,종합병원,1
경북,영천시,종합병원,1
경북,포항시 남구,종합병원,3
경북,포항시 북구,종합병원,2
경북,문경시,종합병원,1
경북,상주시,종합병원,2
경북,경산시,종합병원,1
경남,거창군,종합병원,0
경남,고성군,종합병원,0
경남,남해군,종합병원,0
경남,산청군,종합병원,0
경남,의령군,종합병원,0
경남,창녕군,종합병원,0
경남,하동군,종합병원,0
경남,함안군,종합병원,0
경남,함양군,종합병원,0
경남,합천군,종합병원,0
경남,김해시,종합병원,5
경남,사천시,종합병원,0
경남,진주시,종합병원,2
경남,창원시 마산회원구,종합병원,3
경남,창원시 마산합포구,종합병원,3
경남,창원시 진해구,종합병원,1
경남,창원시 의창구,종합병원,1
경남,창원시 성산구,종합병원,3
경남,통영시,종합병원,0
경남,밀양시,종합병원,0
경남,거제시,종합병원,3
경남,양산시,종합병원,2
제주,서귀포시,종합병원,1
제주,제주시,종합병원,5
서울,강남구,병원,33
서울,강동구,병원,15
서울,강서구,병원,15
서울,관악구,병원,9
서울,구로구,병원,8
서울,도봉구,병원,8
서울,동대문구,병원,14
서울,동작구,병원,5
서울,마포구,병원,2
서울,서대문구,병원,5
서울,성동구,병원,5
서울,성북구,병원,7
서울,영등포구,병원,8
서울,용산구,병원,2
서울,은평구,병원,11
서울,종로구,병원,3
서울,중구,병원,3
서울,송파구,병원,16
서울,중랑구,병원,12
서울,양천구,병원,6
서울,서초구,병원,11
서울,노원구,병원,6
서울,광진구,병원,5
서울,강북구,병원,8
서울,금천구,병원,6
부산,남구,병원,8
부산,동구,병원,5
부산,동래구,병원,15
부산,진구,병원,18
부산,북구,병원,9
부산,서구,병원,4
부산,영도구,병원,1
부산,중구,병원,2
부산,해운대구,병원,13
부산,사하구,병원,18
부산,금정구,병원,10
부산,강서구,병원,2
부산,연제구,병원,10
부산,수영구,병원,9
부산,사상구,병원,8
부산,기장군,병원,5
대구,남구,병원,7
대구,동구,병원,9
대구,북구,병원,19
대구,서구,병원,9
대구,수성구,병원,15
대구,중구,병원,12
대구,달서구,병원,30
대구,달성군,병원,7
인천,남구,병원,0
인천,미추홀구,병원,13
인천,동구,병원,0
인천,부평구,병원,10
인천,중구,병원,1
인천,서구,병원,9
인천,남동구,병원,14
인천,연수구,병원,4
인천,계양구,병원,8
인천,강화군,병원,2
인천,옹진군,병원,1
광주,동구,병원,6
광주,북구,병원,24
광주,서구,병원,18
광주,광산구,병원,16
광주,남구,병원,14
대전,유성구,병원,10
대전,대덕구,병원,4
대전,서구,병원,26
대전,동구,병원,4
대전,중구,병원,5
울산,남구,병원,18
울산,동구,병원,1
울산,중구,병원,10
울산,북구,병원,3
울산,울주군,병원,9
세종,세종시,병원,0
경기,가평군,병원,3
경기,양평군,병원,2
경기,여주시,병원,4
경기,연천군,병원,0
경기,광명시,병원,4
경기,동두천시,병원,1
경기,부천시,병원,24
경기,성남시 수정구,병원,5
경기,성남시 중원구,병원,2
경기,성남시 분당구,병원,10
경기,수원시 권선구,병원,9
경기,수원시 장안구,병원,5
경기,수원시 팔달구,병원,11
경기,수원시 영통구,병원,8
경기,안양시 만안구,병원,4
경기,안양시 동안구,병원,11
경기,의정부시,병원,14
경기,과천시,병원,0
경기,구리시,병원,9
경기,안산시 단원구,병원,14
경기,안산시 상록구,병원,8
경기,평택시,병원,10
경기,하남시,병원,5
경기,군포시,병원,3
경기,남양주시,병원,11
경기,의왕시,병원,2
경기,시흥시,병원,3
경기,오산시,병원,4
경기,고양시 덕양구,병원,9
경기,고양시 일산 서구,병원,5
경기,고양시 일산 동구,병원,11
경기,용인기흥구,병원,3
경기,용인수지구,병원,3
경기,용인처인구,병원,3
경기,이천시,병원,4
경기,파주시,병원,10
경기,김포시,병원,9
경기,안성시,병원,2
경기,화성시,병원,10
경기,광주시,병원,2
경기,양주시,병원,5
경기,포천시,병원,3
강원,고성군,병원,0
강원,양구군,병원,3
강원,양양군,병원,0
강원,영월군,병원,1
강원,인제군,병원,1
강원,정선군,병원,2
강원,철원군,병원,1
강원,평창군,병원,0
강원,홍천군,병원,2
강원,화천군,병원,0
강원,횡성군,병원,1
강원,강릉시,병원,3
강원,동해시,병원,2
강원,속초시,병원,0
강원,원주시,병원,18
강원,춘천시,병원,9
강원,태백시,병원,1
강원,삼척시,병원,1
충북,괴산군,병원,2
충북,단양군,병원,1
충북,보은군,병원,2
충북,영동군,병원,1
충북,옥천군,병원,0
충북,음성군,병원,4
충북,진천군,병원,0
충북,증평군,병원,3
충북,청주시 상당구,병원,3
충북,청주시 흥덕구,병원,9
충북,청주시 청원구,병원,4
충북,청주시 서원구,병원,6
충북,충주시,병원,3
충북,제천시,병원,1
충남,금산군,병원,1
충남,당진시,병원,4
충남,부여군,병원,2
충남,서천군,병원,1
충남,예산군,병원,1
충남,청양군,병원,1
충남,홍성군,병원,0
충남,태안군,병원,1
충남,천안시 서북구,병원,17
충남,천안시 동남구,병원,2
충남,공주시,병원,1
충남,보령시,병원,1
충남,아산시,병원,9
충남,서산시,병원,0
충남,논산시,병원,2
충남,계룡시,병원,2
전북,고창군,병원,1
전북,무주군,병원,0
전북,부안군,병원,4
전북,순창군,병원,1
전북,완주군,병원,4
전북,임실군,병원,1
전북,장수군,병원,0
전북,진안군,병원,2
전북,군산시,병원,6
전북,남원시,병원,2
전북,익산시,병원,7
전북,전주시 완산구,병원,28
전북,전주시 덕진구,병원,8
전북,정읍시,병원,4
전북,김제시,병원,9
전남,강진군,병원,2
전남,고흥군,병원,2
전남,곡성군,병원,1
전남,구례군,병원,1
전남,담양군,병원,2
전남,무안군,병원,2
전남,보성군,병원,2
전남,신안군,병원,2
전남,영광군,병원,0
전남,영암군,병원,2
전남,완도군,병원,1
전남,장성군,병원,2
전남,장흥군,병원,1
전남,진도군,병원,2
전남,함평군,병원,2
전남,해남군,병원,2
전남,화순군,병원,3
전남,나주시,병원,4
전남,목포시,병원,14
전남,순천시,병원,17
전남,여수시,병원,7
전남,광양시,병원,3
경북,고령군,병원,1
경북,군위군,병원,0
경북,봉화군,병원,1
경북,성주군,병원,2
경북,영덕군,병원,1
경북,영양군,병원,1
경북,예천군,병원,1
경북,울릉군,병원,0
경북,울진군,병원,1
경북,의성군,병원,5
경북,청도군,병원,4
경북,청송군,병원,1
경북,칠곡군,병원,3
경북,경주시,병원,11
경북,구미시,병원,8
경북,김천시,병원,2
경북,안동시,병원,5
경북,영주시,병원,6
경북,영천시,병원,2
경북,포항시 남구,병원,2
경북,포항시 북구,병원,11
경북,문경시,병원,2
경북,상주시,병원,1
경북,경산시,병원,5
경남,거창군,병원,3
경남,고성군,병원,3
경남,남해군,병원,1
경남,산청군,병원,0
경남,의령군,병원,2
경남,창녕군,병원,4
경남,하동군,병원,3
경남,함안군,병원,3
경남,함양군,병원,1
경남,합천군,병원,3
경남,김해시,병원,26
경남,사천시,병원,5
경남,진주시,병원,13
경남,창원시 마산회원구,병원,6
경남,창원시 마산합포구,병원,9
경남,창원시 진해구,병원,9
경남,창원시 의창구,병원,7
경남,창원시 성산구,병원,8
경남,통영시,병원,7
경남,밀양시,병원,9
경남,거제시,병원,7
경남,양산시,병원,10
제주,서귀포시,병원,3
제주,제주시,병원,4
서울,강남구,요양병원,9
서울,강동구,요양병원,6
서울,강서구,요양병원,4
서울,관악구,요양병원,3
서울,구로구,요양병원,8
서울,도봉구,요양병원,8
서울,동대문구,요양병원,8
서울,동작구,요양병원,3
서울,마포구,요양병원,2
서울,서대문구,요양병원,3
서울,성동구,요양병원,3
서울,성북구,요양병원,7
서울,영등포구,요양병원,12
서울,용산구,요양병원,0
서울,은평구,요양병원,5
서울,종로구,요양병원,0
서울,중구,요양병원,0
서울,송파구,요양병원,8
서울,중랑구,요양병원,3
서울,양천구,요양병원,4
서울,서초구,요양병원,4
서울,노원구,요양병원,7
서울,광진구,요양병원,2
서울,강북구,요양병원,6
서울,금천구,요양병원,4
부산,남구,요양병원,8
부산,동구,요양병원,5
부산,동래구,요양병원,16
부산,진구,요양병원,14
부산,북구,요양병원,14
부산,서구,요양병원,5
부산,영도구,요양병원,5
부산,중구,요양병원,5
부산,해운대구,요양병원,18
부산,사하구,요양병원,25
부산,금정구,요양병원,22
부산,강서구,요양병원,0
부산,연제구,요양병원,16
부산,수영구,요양병원,10
부산,사상구,요양병원,18
부산,기장군,요양병원,6
대구,남구,요양병원,9
대구,동구,요양병원,7
대구,북구,요양병원,11
대구,서구,요양병원,8
대구,수성구,요양병원,7
대구,중구,요양병원,3
대구,달서구,요양병원,13
대구,달성군,요양병원,6
인천,남구,요양병원,0
인천,미추홀구,요양병원,15
인천,동구,요양병원,0
인천,부평구,요양병원,8
인천,중구,요양병원,4
인천,서구,요양병원,9
인천,남동구,요양병원,17
인천,연수구,요양병원,3
인천,계양구,요양병원,11
인천,강화군,요양병원,5
인천,옹진군,요양병원,0
광주,동구,요양병원,10
광주,북구,요양병원,17
광주,서구,요양병원,11
광주,광산구,요양병원,17
광주,남구,요양병원,9
대전,유성구,요양병원,10
대전,대덕구,요양병원,5
대전,서구,요양병원,12
대전,동구,요양병원,12
대전,중구,요양병원,12
울산,남구,요양병원,18
울산,동구,요양병원,4
울산,중구,요양병원,5
울산,북구,요양병원,5
울산,울주군,요양병원,10
세종,세종시,요양병원,6
경기,가평군,요양병원,3
경기,양평군,요양병원,9
경기,여주시,요양병원,5
경기,연천군,요양병원,1
경기,광명시,요양병원,5
경기,동두천시,요양병원,10
경기,부천시,요양병원,31
경기,성남시 수정구,요양병원,5
경기,성남시 중원구,요양병원,3
경기,성남시 분당구,요양병원,7
경기,수원시 권선구,요양병원,2
경기,수원시 장안구,요양병원,8
경기,수원시 팔달구,요양병원,9
경기,수원시 영통구,요양병원,5
경기,안양시 만안구,요양병원,7
경기,안양시 동안구,요양병원,1
경기,의정부시,요양병원,9
경기,과천시,요양병원,0
경기,구리시,요양병원,5
경기,안산시 단원구,요양병원,11
경기,안산시 상록구,요양병원,7
경기,평택시,요양병원,4
경기,하남시,요양병원,2
경기,군포시,요양병원,8
경기,남양주시,요양병원,19
경기,의왕시,요양병원,4
경기,시흥시,요양병원,13
경기,오산시,요양병원,5
경기,고양시 덕양구,요양병원,6
경기,고양시 일산 서구,요양병원,7
경기,고양시 일산 동구,요양병원,15
경기,용인기흥구,요양병원,16
경기,용인수지구,요양병원,5
경기,용인처인구,요양병원,7
경기,이천시,요양병원,7
경기,파주시,요양병원,19
경기,김포시,요양병원,6
경기,안성시,요양병원,10
경기,화성시,요양병원,14
경기,광주시,요양병원,8
경기,양주시,요양병원,13
경기,포천시,요양병원,5
강원,고성군,요양병원,0
강원,양구군,요양병원,0
강원,양양군,요양병원,0
강원,영월군,요양병원,1
강원,인제군,요양병원,1
강원,정선군,요양병원,0
강원,철원군,요양병원,1
강원,평창군,요양병원,2
강원,홍천군,요양병원,3
강원,화천군,요양병원,0
강원,횡성군,요양병원,1
강원,강릉시,요양병원,4
강원,동해시,요양병원,3
강원,속초시,요양병원,2
강원,원주시,요양병원,6
강원,춘천시,요양병원,8
강원,태백시,요양병원,0
강원,삼척시,요양병원,1
충북,괴산군,요양병원,1
충북,단양군,요양병원,1
충북,보은군,요양병원,2
충북,영동군,요양병원,3
충북,옥천군,요양병원,4
충북,음성군,요양병원,3
충북,진천군,요양병원,3
충북,증평군,요양병원,1
충북,청주시 상당구,요양병원,4
충북,청주시 흥덕구,요양병원,5
충북,청주시 청원구,요양병원,4
충북,청주시 서원구,요양병원,8
충북,충주시,요양병원,7
충북,제천시,요양병원,6
충남,금산군,요양병원,3
충남,당진시,요양병원,4
충남,부여군,요양병원,5
충남,서천군,요양병원,5
충남,예산군,요양병원,1
충남,청양군,요양병원,2
충남,홍성군,요양병원,7
충남,태안군,요양병원,2
충남,천안시 서북구,요양병원,11
충남,천안시 동남구,요양병원,12
충남,공주시,요양병원,10
충남,보령시,요양병원,4
충남,아산시,요양병원,10
충남,서산시,요양병원,2
충남,논산시,요양병원,12
충남,계룡시,요양병원,1
전북,고창군,요양병원,5
전북,무주군,요양병원,1
전북,부안군,요양병원,2
전북,순창군,요양병원,1
전북,완주군,요양병원,7
전북,임실군,요양병원,2
전북,장수군,요양병원,0
전북,진안군,요양병원,0
전북,군산시,요양병원,8
전북,남원시,요양병원,4
전북,익산시,요양병원,12
전북,전주시 완산구,요양병원,17
전북,전주시 덕진구,요양병원,18
전북,정읍시,요양병원,5
전북,김제시,요양병원,4
전남,강진군,요양병원,1
전남,고흥군,요양병원,1
전남,곡성군,요양병원,2
전남,구례군,요양병원,3
전남,담양군,요양병원,5
전남,무안군,요양병원,3
전남,보성군,요양병원,4
전남,신안군,요양병원,2
전남,영광군,요양병원,2
전남,영암군,요양병원,2
전남,완도군,요양병원,0
전남,장성군,요양병원,2
전남,장흥군,요양병원,1
전남,진도군,요양병원,1
전남,함평군,요양병원,2
전남,해남군,요양병원,2
전남,화순군,요양병원,14
전남,나주시,요양병원,10
전남,목포시,요양병원,7
전남,순천시,요양병원,7
전남,여수시,요양병원,9
전남,광양시,요양병원,4
경북,고령군,요양병원,2
경북,군위군,요양병원,0
경북,봉화군,요양병원,1
경북,성주군,요양병원,5
경북,영덕군,요양병원,1
경북,영양군,요양병원,0
경북,예천군,요양병원,2
경북,울릉군,요양병원,1
경북,울진군,요양병원,2
경북,의성군,요양병원,6
경북,청도군,요양병원,5
경북,청송군,요양병원,0
경북,칠곡군,요양병원,5
경북,경주시,요양병원,14
경북,구미시,요양병원,9
경북,김천시,요양병원,4
경북,안동시,요양병원,8
경북,영주시,요양병원,4
경북,영천시,요양병원,3
경북,포항시 남구,요양병원,6
경북,포항시 북구,요양병원,25
경북,문경시,요양병원,1
경북,상주시,요양병원,3
경북,경산시,요양병원,13
경남,거창군,요양병원,3
경남,고성군,요양병원,2
경남,남해군,요양병원,1
경남,산청군,요양병원,0
경남,의령군,요양병원,2
경남,창녕군,요양병원,6
경남,하동군,요양병원,2
경남,함안군,요양병원,4
경남,함양군,요양병원,0
경남,합천군,요양병원,2
경남,김해시,요양병원,35
경남,사천시,요양병원,8
경남,진주시,요양병원,9
경남,창원시 마산회원구,요양병원,9
경남,창원시 마산합포구,요양병원,13
경남,창원시 진해구,요양병원,5
경남,창원시 의창구,요양병원,12
경남,창원시 성산구,요양병원,1
경남,통영시,요양병원,4
경남,밀양시,요양병원,6
경남,거제시,요양병원,2
경남,양산시,요양병원,18
제주,서귀포시,요양병원,0
제주,제주시,요양병원,9
서울,강남구,의원,1588
서울,강동구,의원,343
서울,강서구,의원,370
서울,관악구,의원,307
서울,구로구,의원,261
서울,도봉구,의원,157
서울,동대문구,의원,251
서울,동작구,의원,257
서울,마포구,의원,358
서울,서대문구,의원,205
서울,성동구,의원,197
서울,성북구,의원,252
서울,영등포구,의원,328
서울,용산구,의원,130
서울,은평구,의원,309
서울,종로구,의원,190
서울,중구,의원,239
서울,송파구,의원,530
서울,중랑구,의원,228
서울,양천구,의원,277
서울,서초구,의원,604
서울,노원구,의원,348
서울,광진구,의원,269
서울,강북구,의원,223
서울,금천구,의원,151
부산,남구,의원,154
부산,동구,의원,76
부산,동래구,의원,186
부산,진구,의원,421
부산,북구,의원,160
부산,서구,의원,61
부산,영도구,의원,72
부산,중구,의원,69
부산,해운대구,의원,308
부산,사하구,의원,182
부산,금정구,의원,144
부산,강서구,의원,44
부산,연제구,의원,151
부산,수영구,의원,121
부산,사상구,의원,110
부산,기장군,의원,83
대구,남구,의원,103
대구,동구,의원,230
대구,북구,의원,244
대구,서구,의원,123
대구,수성구,의원,337
대구,중구,의원,239
대구,달서구,의원,361
대구,달성군,의원,123
인천,남구,의원,0
인천,미추홀구,의원,210
인천,동구,의원,40
인천,부평구,의원,308
인천,중구,의원,47
인천,서구,의원,231
인천,남동구,의원,341
인천,연수구,의원,169
인천,계양구,의원,159
인천,강화군,의원,21
인천,옹진군,의원,3
광주,동구,의원,111
광주,북구,의원,247
광주,서구,의원,250
광주,광산구,의원,206
광주,남구,의원,119
대전,유성구,의원,196
대전,대덕구,의원,113
대전,서구,의원,425
대전,동구,의원,156
대전,중구,의원,178
울산,남구,의원,268
울산,동구,의원,89
울산,중구,의원,105
울산,북구,의원,68
울산,울주군,의원,74
세종,세종시,의원,171
경기,가평군,의원,26
경기,양평군,의원,41
경기,여주시,의원,49
경기,연천군,의원,13
경기,광명시,의원,199
경기,동두천시,의원,41
경기,부천시,의원,505
경기,성남시 수정구,의원,185
경기,성남시 중원구,의원,153
경기,성남시 분당구,의원,434
경기,수원시 권선구,의원,150
경기,수원시 장안구,의원,141
경기,수원시 팔달구,의원,219
경기,수원시 영통구,의원,197
경기,안양시 만안구,의원,129
경기,안양시 동안구,의원,243
경기,의정부시,의원,263
경기,과천시,의원,36
경기,구리시,의원,145
경기,안산시 단원구,의원,226
경기,안산시 상록구,의원,127
경기,평택시,의원,240
경기,하남시,의원,133
경기,군포시,의원,135
경기,남양주시,의원,289
경기,의왕시,의원,66
경기,시흥시,의원,205
경기,오산시,의원,105
경기,고양시 덕양구,의원,220
경기,고양시 일산 서구,의원,166
경기,고양시 일산 동구,의원,155
경기,용인기흥구,의원,199
경기,용인수지구,의원,189
경기,용인처인구,의원,94
경기,이천시,의원,102
경기,파주시,의원,178
경기,김포시,의원,188
경기,안성시,의원,73
경기,화성시,의원,302
경기,광주시,의원,120
경기,양주시,의원,78
경기,포천시,의원,58
강원,고성군,의원,7
강원,양구군,의원,5
강원,양양군,의원,6
강원,영월군,의원,12
강원,인제군,의원,8
강원,정선군,의원,10
강원,철원군,의원,18
강원,평창군,의원,17
강원,홍천군,의원,29
강원,화천군,의원,8
강원,횡성군,의원,14
강원,강릉시,의원,113
강원,동해시,의원,51
강원,속초시,의원,64
강원,원주시,의원,191
강원,춘천시,의원,158
강원,태백시,의원,24
강원,삼척시,의원,26
충북,괴산군,의원,9
충북,단양군,의원,6
충북,보은군,의원,16
충북,영동군,의원,26
충북,옥천군,의원,29
충북,음성군,의원,44
충북,진천군,의원,32
충북,증평군,의원,20
충북,청주시 상당구,의원,121
충북,청주시 흥덕구,의원,156
충북,청주시 청원구,의원,96
충북,청주시 서원구,의원,112
충북,충주시,의원,119
충북,제천시,의원,79
충남,금산군,의원,34
충남,당진시,의원,79
충남,부여군,의원,29
충남,서천군,의원,29
충남,예산군,의원,40
충남,청양군,의원,10
충남,홍성군,의원,48
충남,태안군,의원,29
충남,천안시 서북구,의원,201
충남,천안시 동남구,의원,131
충남,공주시,의원,66
충남,보령시,의원,54
충남,아산시,의원,139
충남,서산시,의원,76
충남,논산시,의원,80
충남,계룡시,의원,17
전북,고창군,의원,31
전북,무주군,의원,13
전북,부안군,의원,26
전북,순창군,의원,16
전북,완주군,의원,50
전북,임실군,의원,16
전북,장수군,의원,9
전북,진안군,의원,11
전북,군산시,의원,159
전북,남원시,의원,57
전북,익산시,의원,167
전북,전주시 완산구,의원,262
전북,전주시 덕진구,의원,206
전북,정읍시,의원,77
전북,김제시,의원,53
전남,강진군,의원,20
전남,고흥군,의원,34
전남,곡성군,의원,14
전남,구례군,의원,10
전남,담양군,의원,23
전남,무안군,의원,42
전남,보성군,의원,24
전남,신안군,의원,13
전남,영광군,의원,33
전남,영암군,의원,22
전남,완도군,의원,24
전남,장성군,의원,18
전남,장흥군,의원,25
전남,진도군,의원,16
전남,함평군,의원,14
전남,해남군,의원,36
전남,화순군,의원,31
전남,나주시,의원,63
전남,목포시,의원,138
전남,순천시,의원,128
전남,여수시,의원,153
전남,광양시,의원,62
경북,고령군,의원,13
경북,군위군,의원,9
경북,봉화군,의원,7
경북,성주군,의원,19
경북,영덕군,의원,18
경북,영양군,의원,1
경북,예천군,의원,18
경북,울릉군,의원,0
경북,울진군,의원,15
경북,의성군,의원,18
경북,청도군,의원,20
경북,청송군,의원,12
경북,칠곡군,의원,45
경북,경주시,의원,112
경북,구미시,의원,217
경북,김천시,의원,58
경북,안동시,의원,78
경북,영주시,의원,51
경북,영천시,의원,62
경북,포항시 남구,의원,105
경북,포항시 북구,의원,168
경북,문경시,의원,46
경북,상주시,의원,46
경북,경산시,의원,144
경남,거창군,의원,28
경남,고성군,의원,19
경남,남해군,의원,24
경남,산청군,의원,13
경남,의령군,의원,11
경남,창녕군,의원,28
경남,하동군,의원,20
경남,함안군,의원,21
경남,함양군,의원,21
경남,합천군,의원,17
경남,김해시,의원,221
경남,사천시,의원,50
경남,진주시,의원,189
경남,창원시 마산회원구,의원,129
경남,창원시 마산합포구,의원,99
경남,창원시 진해구,의원,86
경남,창원시 의창구,의원,116
경남,창원시 성산구,의원,133
경남,통영시,의원,75
경남,밀양시,의원,45
경남,거제시,의원,102
경남,양산시,의원,173
제주,서귀포시,의원,99
제주,제주시,의원,337
서울,강남구,치과병원,16
서울,강동구,치과병원,3
서울,강서구,치과병원,3
서울,관악구,치과병원,1
서울,구로구,치과병원,2
서울,도봉구,치과병원,1
서울,동대문구,치과병원,3
서울,동작구,치과병원,2
서울,마포구,치과병원,3
서울,서대문구,치과병원,2
서울,성동구,치과병원,1
서울,성북구,치과병원,1
서울,영등포구,치과병원,2
서울,용산구,치과병원,0
서울,은평구,치과병원,1
서울,종로구,치과병원,1
서울,중구,치과병원,6
서울,송파구,치과병원,3
서울,중랑구,치과병원,0
서울,양천구,치과병원,4
서울,서초구,치과병원,5
서울,노원구,치과병원,2
서울,광진구,치과병원,2
서울,강북구,치과병원,1
서울,금천구,치과병원,0
부산,남구,치과병원,1
부산,동구,치과병원,2
부산,동래구,치과병원,4
부산,진구,치과병원,3
부산,북구,치과병원,3
부산,서구,치과병원,0
부산,영도구,치과병원,0
부산,중구,치과병원,0
부산,해운대구,치과병원,4
부산,사하구,치과병원,1
부산,금정구,치과병원,0
부산,강서구,치과병원,1
부산,연제구,치과병원,2
부산,수영구,치과병원,1
부산,사상구,치과병원,2
부산,기장군,치과병원,0
대구,남구,치과병원,0
대구,동구,치과병원,0
대구,북구,치과병원,2
대구,서구,치과병원,0
대구,수성구,치과병원,5
대구,중구,치과병원,4
대구,달서구,치과병원,6
대구,달성군,치과병원,0
인천,남구,치과병원,0
인천,미추홀구,치과병원,1
인천,동구,치과병원,0
인천,부평구,치과병원,4
인천,중구,치과병원,0
인천,서구,치과병원,1
인천,남동구,치과병원,1
인천,연수구,치과병원,2
인천,계양구,치과병원,0
인천,강화군,치과병원,0
인천,옹진군,치과병원,0
광주,동구,치과병원,1
광주,북구,치과병원,1
광주,서구,치과병원,8
광주,광산구,치과병원,3
광주,남구,치과병원,0
대전,유성구,치과병원,2
대전,대덕구,치과병원,1
대전,서구,치과병원,1
대전,동구,치과병원,1
대전,중구,치과병원,1
울산,남구,치과병원,2
울산,동구,치과병원,1
울산,중구,치과병원,0
울산,북구,치과병원,0
울산,울주군,치과병원,0
세종,세종시,치과병원,1
경기,가평군,치과병원,0
경기,양평군,치과병원,0
경기,여주시,치과병원,0
경기,연천군,치과병원,0
경기,광명시,치과병원,0
경기,동두천시,치과병원,0
경기,부천시,치과병원,4
경기,성남시 수정구,치과병원,1
경기,성남시 중원구,치과병원,1
경기,성남시 분당구,치과병원,5
경기,수원시 권선구,치과병원,0
경기,수원시 장안구,치과병원,0
경기,수원시 팔달구,치과병원,1
경기,수원시 영통구,치과병원,0
경기,안양시 만안구,치과병원,0
경기,안양시 동안구,치과병원,1
경기,의정부시,치과병원,1
경기,과천시,치과병원,1
경기,구리시,치과병원,0
경기,안산시 단원구,치과병원,4
경기,안산시 상록구,치과병원,0
경기,평택시,치과병원,0
경기,하남시,치과병원,0
경기,군포시,치과병원,2
경기,남양주시,치과병원,0
경기,의왕시,치과병원,1
경기,시흥시,치과병원,2
경기,오산시,치과병원,1
경기,고양시 덕양구,치과병원,2
경기,고양시 일산 서구,치과병원,2
경기,고양시 일산 동구,치과병원,2
경기,용인기흥구,치과병원,1
경기,용인수지구,치과병원,1
경기,용인처인구,치과병원,0
경기,이천시,치과병원,1
경기,파주시,치과병원,0
경기,김포시,치과병원,0
경기,안성시,치과병원,1
경기,화성시,치과병원,0
경기,광주시,치과병원,1
경기,양주시,치과병원,0
경기,포천시,치과병원,0
강원,고성군,치과병원,0
강원,양구군,치과병원,0
강원,양양군,치과병원,0
강원,영월군,치과병원,0
강원,인제군,치과병원,0
강원,정선군,치과병원,0
강원,철원군,치과병원,0
강원,평창군,치과병원,0
강원,홍천군,치과병원,0
강원,화천군,치과병원,0
강원,횡성군,치과병원,0
강원,강릉시,치과병원,1
강원,동해시,치과병원,0
강원,속초시,치과병원,1
강원,원주시,치과병원,2
강원,춘천시,치과병원,0
강원,태백시,치과병원,0
강원,삼척시,치과병원,0
충북,괴산군,치과병원,0
충북,단양군,치과병원,0
충북,보은군,치과병원,0
충북,영동군,치과병원,0
충북,옥천군,치과병원,0
충북,음성군,치과병원,0
충북,진천군,치과병원,0
충북,증평군,치과병원,0
충북,청주시 상당구,치과병원,0
충북,청주시 흥덕구,치과병원,1
충북,청주시 청원구,치과병원,0
충북,청주시 서원구,치과병원,1
충북,충주시,치과병원,1
충북,제천시,치과병원,0
충남,금산군,치과병원,0
충남,당진시,치과병원,1
충남,부여군,치과병원,0
충남,서천군,치과병원,0
충남,예산군,치과병원,0
충남,청양군,치과병원,0
충남,홍성군,치과병원,0
충남,태안군,치과병원,1
충남,천안시 서북구,치과병원,5
충남,천안시 동남구,치과병원,3
충남,공주시,치과병원,0
충남,보령시,치과병원,0
충남,아산시,치과병원,1
충남,서산시,치과병원,0
충남,논산시,치과병원,0
충남,계룡시,치과병원,0
전북,고창군,치과병원,0
전북,무주군,치과병원,0
전북,부안군,치과병원,0
전북,순창군,치과병원,0
전북,완주군,치과병원,0
전북,임실군,치과병원,0
전북,장수군,치과병원,0
전북,진안군,치과병원,0
전북,군산시,치과병원,0
전북,남원시,치과병원,0
전북,익산시,치과병원,1
전북,전주시 완산구,치과병원,1
전북,전주시 덕진구,치과병원,1
전북,정읍시,치과병원,0
전북,김제시,치과병원,0
전남,강진군,치과병원,0
전남,고흥군,치과병원,0
전남,곡성군,치과병원,0
전남,구례군,치과병원,0
전남,담양군,치과병원,0
전남,무안군,치과병원,1
전남,보성군,치과병원,0
전남,신안군,치과병원,0
전남,영광군,치과병원,0
전남,영암군,치과병원,0
전남,완도군,치과병원,0
전남,장성군,치과병원,0
전남,장흥군,치과병원,0
전남,진도군,치과병원,0
전남,함평군,치과병원,1
전남,해남군,치과병원,0
전남,화순군,치과병원,0
전남,나주시,치과병원,0
전남,목포시,치과병원,2
전남,순천시,치과병원,1
전남,여수시,치과병원,2
전남,광양시,치과병원,0
경북,고령군,치과병원,0
경북,군위군,치과병원,0
경북,봉화군,치과병원,0
경북,성주군,치과병원,0
경북,영덕군,치과병원,0
경북,영양군,치과병원,0
경북,예천군,치과병원,0
경북,울릉군,치과병원,0
경북,울진군,치과병원,0
경북,의성군,치과병원,0
경북,청도군,치과병원,0
경북,청송군,치과병원,0
경북,칠곡군,치과병원,0
경북,경주시,치과병원,2
경북,구미시,치과병원,6
경북,김천시,치과병원,0
경북,안동시,치과병원,2
경북,영주시,치과병원,0
경북,영천시,치과병원,1
경북,포항시 남구,치과병원,0
경북,포항시 북구,치과병원,1
경북,문경시,치과병원,0
경북,상주시,치과병원,0
경북,경산시,치과병원,2
경남,거창군,치과병원,0
경남,고성군,치과병원,0
경남,남해군,치과병원,0
경남,산청군,치과병원,0
경남,의령군,치과병원,0
경남,창녕군,치과병원,0
경남,하동군,치과병원,0
경남,함안군,치과병원,0
경남,함양군,치과병원,0
경남,합천군,치과병원,0
경남,김해시,치과병원,5
경남,사천시,치과병원,0
경남,진주시,치과병원,3
경남,창원시 마산회원구,치과병원,1
경남,창원시 마산합포구,치과병원,0
경남,창원시 진해구,치과병원,2
경남,창원시 의창구,치과병원,1
경남,창원시 성산구,치과병원,2
경남,통영시,치과병원,0
경남,밀양시,치과병원,0
경남,거제시,치과병원,3
경남,양산시,치과병원,3
제주,서귀포시,치과병원,0
제주,제주시,치과병원,1
서울,강남구,치과의원,571
서울,강동구,치과의원,214
서울,강서구,치과의원,215
서울,관악구,치과의원,204
서울,구로구,치과의원,164
서울,도봉구,치과의원,103
서울,동대문구,치과의원,156
서울,동작구,치과의원,168
서울,마포구,치과의원,196
서울,서대문구,치과의원,121
서울,성동구,치과의원,131
서울,성북구,치과의원,150
서울,영등포구,치과의원,236
서울,용산구,치과의원,108
서울,은평구,치과의원,174
서울,종로구,치과의원,165
서울,중구,치과의원,212
서울,송파구,치과의원,318
서울,중랑구,치과의원,146
서울,양천구,치과의원,179
서울,서초구,치과의원,311
서울,노원구,치과의원,192
서울,광진구,치과의원,152
서울,강북구,치과의원,118
서울,금천구,치과의원,103
부산,남구,치과의원,96
부산,동구,치과의원,34
부산,동래구,치과의원,129
부산,진구,치과의원,166
부산,북구,치과의원,86
부산,서구,치과의원,34
부산,영도구,치과의원,30
부산,중구,치과의원,39
부산,해운대구,치과의원,164
부산,사하구,치과의원,101
부산,금정구,치과의원,95
부산,강서구,치과의원,26
부산,연제구,치과의원,89
부산,수영구,치과의원,80
부산,사상구,치과의원,55
부산,기장군,치과의원,41
대구,남구,치과의원,56
대구,동구,치과의원,103
대구,북구,치과의원,140
대구,서구,치과의원,55
대구,수성구,치과의원,166
대구,중구,치과의원,109
대구,달서구,치과의원,193
대구,달성군,치과의원,60
인천,남구,치과의원,0
인천,미추홀구,치과의원,122
인천,동구,치과의원,25
인천,부평구,치과의원,170
인천,중구,치과의원,33
인천,서구,치과의원,143
인천,남동구,치과의원,187
인천,연수구,치과의원,100
인천,계양구,치과의원,103
인천,강화군,치과의원,14
인천,옹진군,치과의원,3
광주,동구,치과의원,55
광주,북구,치과의원,179
광주,서구,치과의원,139
광주,광산구,치과의원,138
광주,남구,치과의원,103
대전,유성구,치과의원,100
대전,대덕구,치과의원,47
대전,서구,치과의원,216
대전,동구,치과의원,74
대전,중구,치과의원,86
울산,남구,치과의원,175
울산,동구,치과의원,46
울산,중구,치과의원,68
울산,북구,치과의원,47
울산,울주군,치과의원,45
세종,세종시,치과의원,80
경기,가평군,치과의원,19
경기,양평군,치과의원,28
경기,여주시,치과의원,32
경기,연천군,치과의원,12
경기,광명시,치과의원,113
경기,동두천시,치과의원,26
경기,부천시,치과의원,281
경기,성남시 수정구,치과의원,111
경기,성남시 중원구,치과의원,85
경기,성남시 분당구,치과의원,260
경기,수원시 권선구,치과의원,99
경기,수원시 장안구,치과의원,94
경기,수원시 팔달구,치과의원,102
경기,수원시 영통구,치과의원,136
경기,안양시 만안구,치과의원,88
경기,안양시 동안구,치과의원,158
경기,의정부시,치과의원,141
경기,과천시,치과의원,17
경기,구리시,치과의원,92
경기,안산시 단원구,치과의원,109
경기,안산시 상록구,치과의원,79
경기,평택시,치과의원,139
경기,하남시,치과의원,75
경기,군포시,치과의원,92
경기,남양주시,치과의원,178
경기,의왕시,치과의원,46
경기,시흥시,치과의원,118
경기,오산시,치과의원,68
경기,고양시 덕양구,치과의원,117
경기,고양시 일산 서구,치과의원,90
경기,고양시 일산 동구,치과의원,96
경기,용인기흥구,치과의원,128
경기,용인수지구,치과의원,116
경기,용인처인구,치과의원,65
경기,이천시,치과의원,56
경기,파주시,치과의원,112
경기,김포시,치과의원,124
경기,안성시,치과의원,48
경기,화성시,치과의원,185
경기,광주시,치과의원,67
경기,양주시,치과의원,44
경기,포천시,치과의원,36
강원,고성군,치과의원,5
강원,양구군,치과의원,5
강원,양양군,치과의원,5
강원,영월군,치과의원,6
강원,인제군,치과의원,6
강원,정선군,치과의원,5
강원,철원군,치과의원,8
강원,평창군,치과의원,11
강원,홍천군,치과의원,16
강원,화천군,치과의원,5
강원,횡성군,치과의원,7
강원,강릉시,치과의원,55
강원,동해시,치과의원,26
강원,속초시,치과의원,29
강원,원주시,치과의원,93
강원,춘천시,치과의원,78
강원,태백시,치과의원,9
강원,삼척시,치과의원,13
충북,괴산군,치과의원,5
충북,단양군,치과의원,6
충북,보은군,치과의원,5
충북,영동군,치과의원,10
충북,옥천군,치과의원,11
충북,음성군,치과의원,26
충북,진천군,치과의원,19
충북,증평군,치과의원,8
충북,청주시 상당구,치과의원,57
충북,청주시 흥덕구,치과의원,86
충북,청주시 청원구,치과의원,52
충북,청주시 서원구,치과의원,51
충북,충주시,치과의원,45
충북,제천시,치과의원,36
충남,금산군,치과의원,14
충남,당진시,치과의원,44
충남,부여군,치과의원,16
충남,서천군,치과의원,11
충남,예산군,치과의원,21
충남,청양군,치과의원,6
충남,홍성군,치과의원,26
충남,태안군,치과의원,13
충남,천안시 서북구,치과의원,114
충남,천안시 동남구,치과의원,67
충남,공주시,치과의원,26
충남,보령시,치과의원,21
충남,아산시,치과의원,80
충남,서산시,치과의원,46
충남,논산시,치과의원,31
충남,계룡시,치과의원,12
전북,고창군,치과의원,13
전북,무주군,치과의원,5
전북,부안군,치과의원,15
전북,순창군,치과의원,6
전북,완주군,치과의원,17
전북,임실군,치과의원,6
전북,장수군,치과의원,5
전북,진안군,치과의원,4
전북,군산시,치과의원,73
전북,남원시,치과의원,21
전북,익산시,치과의원,92
전북,전주시 완산구,치과의원,154
전북,전주시 덕진구,치과의원,110
전북,정읍시,치과의원,33
전북,김제시,치과의원,19
전남,강진군,치과의원,6
전남,고흥군,치과의원,12
전남,곡성군,치과의원,9
전남,구례군,치과의원,6
전남,담양군,치과의원,11
전남,무안군,치과의원,17
전남,보성군,치과의원,8
전남,신안군,치과의원,5
전남,영광군,치과의원,15
전남,영암군,치과의원,13
전남,완도군,치과의원,10
전남,장성군,치과의원,9
전남,장흥군,치과의원,8
전남,진도군,치과의원,6
전남,함평군,치과의원,7
전남,해남군,치과의원,17
전남,화순군,치과의원,15
전남,나주시,치과의원,31
전남,목포시,치과의원,61
전남,순천시,치과의원,87
전남,여수시,치과의원,76
전남,광양시,치과의원,40
경북,고령군,치과의원,8
경북,군위군,치과의원,3
경북,봉화군,치과의원,4
경북,성주군,치과의원,9
경북,영덕군,치과의원,9
경북,영양군,치과의원,3
경북,예천군,치과의원,13
경북,울릉군,치과의원,1
경북,울진군,치과의원,10
경북,의성군,치과의원,8
경북,청도군,치과의원,9
경북,청송군,치과의원,5
경북,칠곡군,치과의원,23
경북,경주시,치과의원,57
경북,구미시,치과의원,100
경북,김천시,치과의원,31
경북,안동시,치과의원,44
경북,영주시,치과의원,27
경북,영천시,치과의원,17
경북,포항시 남구,치과의원,69
경북,포항시 북구,치과의원,90
경북,문경시,치과의원,18
경북,상주시,치과의원,23
경북,경산시,치과의원,71
경남,거창군,치과의원,16
경남,고성군,치과의원,11
경남,남해군,치과의원,9
경남,산청군,치과의원,6
경남,의령군,치과의원,5
경남,창녕군,치과의원,13
경남,하동군,치과의원,12
경남,함안군,치과의원,12
경남,함양군,치과의원,8
경남,합천군,치과의원,10
경남,김해시,치과의원,124
경남,사천시,치과의원,34
경남,진주시,치과의원,106
경남,창원시 마산회원구,치과의원,54
경남,창원시 마산합포구,치과의원,63
경남,창원시 진해구,치과의원,47
경남,창원시 의창구,치과의원,63
경남,창원시 성산구,치과의원,94
경남,통영시,치과의원,33
경남,밀양시,치과의원,24
경남,거제시,치과의원,56
경남,양산시,치과의원,81
제주,서귀포시,치과의원,52
제주,제주시,치과의원,160
서울,강남구,조산원,0
서울,강동구,조산원,0
서울,강서구,조산원,1
서울,관악구,조산원,0
서울,구로구,조산원,0
서울,도봉구,조산원,0
서울,동대문구,조산원,1
서울,동작구,조산원,0
서울,마포구,조산원,0
서울,서대문구,조산원,0
서울,성동구,조산원,0
서울,성북구,조산원,0
서울,영등포구,조산원,0
서울,용산구,조산원,1
서울,은평구,조산원,0
서울,종로구,조산원,0
서울,중구,조산원,0
서울,송파구,조산원,0
서울,중랑구,조산원,0
서울,양천구,조산원,0
서울,서초구,조산원,0
서울,노원구,조산원,0
서울,광진구,조산원,0
서울,강북구,조산원,0
서울,금천구,조산원,0
부산,남구,조산원,0
부산,동구,조산원,0
부산,동래구,조산원,0
부산,진구,조산원,0
부산,북구,조산원,0
부산,서구,조산원,0
부산,영도구,조산원,0
부산,중구,조산원,0
부산,해운대구,조산원,0
부산,사하구,조산원,0
부산,금정구,조산원,0
부산,강서구,조산원,0
부산,연제구,조산원,1
부산,수영구,조산원,0
부산,사상구,조산원,1
부산,기장군,조산원,0
대구,남구,조산원,0
대구,동구,조산원,0
대구,북구,조산원,0
대구,서구,조산원,0
대구,수성구,조산원,0
대구,중구,조산원,0
대구,달서구,조산원,0
대구,달성군,조산원,0
인천,남구,조산원,0
인천,미추홀구,조산원,0
인천,동구,조산원,0
인천,부평구,조산원,0
인천,중구,조산원,0
인천,서구,조산원,1
인천,남동구,조산원,0
인천,연수구,조산원,0
인천,계양구,조산원,1
인천,강화군,조산원,0
인천,옹진군,조산원,0
광주,동구,조산원,0
광주,북구,조산원,0
광주,서구,조산원,0
광주,광산구,조산원,0
광주,남구,조산원,0
대전,유성구,조산원,0
대전,대덕구,조산원,0
대전,서구,조산원,0
대전,동구,조산원,0
대전,중구,조산원,1
울산,남구,조산원,0
울산,동구,조산원,0
울산,중구,조산원,0
울산,북구,조산원,0
울산,울주군,조산원,0
세종,세종시,조산원,0
경기,가평군,조산원,0
경기,양평군,조산원,0
경기,여주시,조산원,0
경기,연천군,조산원,0
경기,광명시,조산원,0
경기,동두천시,조산원,0
경기,부천시,조산원,1
경기,성남시 수정구,조산원,0
경기,성남시 중원구,조산원,0
경기,성남시 분당구,조산원,0
경기,수원시 권선구,조산원,0
경기,수원시 장안구,조산원,0
경기,수원시 팔달구,조산원,0
경기,수원시 영통구,조산원,0
경기,안양시 만안구,조산원,0
경기,안양시 동안구,조산원,2
경기,의정부시,조산원,0
경기,과천시,조산원,0
경기,구리시,조산원,0
경기,안산시 단원구,조산원,1
경기,안산시 상록구,조산원,0
경기,평택시,조산원,1
경기,하남시,조산원,0
경기,군포시,조산원,0
경기,남양주시,조산원,1
경기,의왕시,조산원,1
경기,시흥시,조산원,0
경기,오산시,조산원,0
경기,고양시 덕양구,조산원,0
경기,고양시 일산 서구,조산원,0
경기,고양시 일산 동구,조산원,0
경기,용인기흥구,조산원,0
경기,용인수지구,조산원,0
경기,용인처인구,조산원,0
경기,이천시,조산원,0
경기,파주시,조산원,0
경기,김포시,조산원,0
경기,안성시,조산원,0
경기,화성시,조산원,0
경기,광주시,조산원,0
경기,양주시,조산원,0
경기,포천시,조산원,0
강원,고성군,조산원,0
강원,양구군,조산원,0
강원,양양군,조산원,0
강원,영월군,조산원,0
강원,인제군,조산원,0
강원,정선군,조산원,0
강원,철원군,조산원,0
강원,평창군,조산원,0
강원,홍천군,조산원,0
강원,화천군,조산원,0
강원,횡성군,조산원,0
강원,강릉시,조산원,0
강원,동해시,조산원,0
강원,속초시,조산원,0
강원,원주시,조산원,0
강원,춘천시,조산원,0
강원,태백시,조산원,0
강원,삼척시,조산원,0
충북,괴산군,조산원,0
충북,단양군,조산원,0
충북,보은군,조산원,0
충북,영동군,조산원,0
충북,옥천군,조산원,0
충북,음성군,조산원,0
충북,진천군,조산원,0
충북,증평군,조산원,0
충북,청주시 상당구,조산원,0
충북,청주시 흥덕구,조산원,0
충북,청주시 청원구,조산원,1
충북,청주시 서원구,조산원,0
충북,충주시,조산원,0
충북,제천시,조산원,0
충남,금산군,조산원,0
충남,당진시,조산원,0
충남,부여군,조산원,0
충남,서천군,조산원,0
충남,예산군,조산원,0
충남,청양군,조산원,0
충남,홍성군,조산원,0
충남,태안군,조산원,0
충남,천안시 서북구,조산원,0
충남,천안시 동남구,조산원,0
충남,공주시,조산원,0
충남,보령시,조산원,0
충남,아산시,조산원,0
충남,서산시,조산원,0
충남,논산시,조산원,0
충남,계룡시,조산원,0
전북,고창군,조산원,0
전북,무주군,조산원,0
전북,부안군,조산원,0
전북,순창군,조산원,0
전북,완주군,조산원,0
전북,임실군,조산원,0
전북,장수군,조산원,0
전북,진안군,조산원,0
전북,군산시,조산원,0
전북,남원시,조산원,0
전북,익산시,조산원,0
전북,전주시 완산구,조산원,0
전북,전주시 덕진구,조산원,0
전북,정읍시,조산원,0
전북,김제시,조산원,0
전남,강진군,조산원,0
전남,고흥군,조산원,0
전남,곡성군,조산원,0
전남,구례군,조산원,0
전남,담양군,조산원,0
전남,무안군,조산원,1
전남,보성군,조산원,0
전남,신안군,조산원,0
전남,영광군,조산원,0
전남,영암군,조산원,0
전남,완도군,조산원,0
전남,장성군,조산원,0
전남,장흥군,조산원,0
전남,진도군,조산원,0
전남,함평군,조산원,0
전남,해남군,조산원,0
전남,화순군,조산원,0
전남,나주시,조산원,0
전남,목포시,조산원,1
전남,순천시,조산원,0
전남,여수시,조산원,0
전남,광양시,조산원,0
경북,고령군,조산원,0
경북,군위군,조산원,0
경북,봉화군,조산원,0
경북,성주군,조산원,0
경북,영덕군,조산원,0
경북,영양군,조산원,0
경북,예천군,조산원,0
경북,울릉군,조산원,0
경북,울진군,조산원,0
경북,의성군,조산원,0
경북,청도군,조산원,0
경북,청송군,조산원,0
경북,칠곡군,조산원,0
경북,경주시,조산원,0
경북,구미시,조산원,0
경북,김천시,조산원,0
경북,안동시,조산원,0
경북,영주시,조산원,0
경북,영천시,조산원,1
경북,포항시 남구,조산원,0
경북,포항시 북구,조산원,0
경북,문경시,조산원,0
경북,상주시,조산원,0
경북,경산시,조산원,0
경남,거창군,조산원,0
경남,고성군,조산원,0
경남,남해군,조산원,0
경남,산청군,조산원,0
경남,의령군,조산원,0
경남,창녕군,조산원,0
경남,하동군,조산원,0
경남,함안군,조산원,0
경남,함양군,조산원,0
경남,합천군,조산원,0
경남,김해시,조산원,0
경남,사천시,조산원,0
경남,진주시,조산원,0
경남,창원시 마산회원구,조산원,1
경남,창원시 마산합포구,조산원,0
경남,창원시 진해구,조산원,0
경남,창원시 의창구,조산원,0
경남,창원시 성산구,조산원,0
경남,통영시,조산원,0
경남,밀양시,조산원,0
경남,거제시,조산원,0
경남,양산시,조산원,0
제주,서귀포시,조산원,0
제주,제주시,조산원,1
서울,강남구,한방병원,10
서울,강동구,한방병원,5
서울,강서구,한방병원,3
서울,관악구,한방병원,0
서울,구로구,한방병원,1
서울,도봉구,한방병원,2
서울,동대문구,한방병원,1
서울,동작구,한방병원,1
서울,마포구,한방병원,1
서울,서대문구,한방병원,1
서울,성동구,한방병원,0
서울,성북구,한방병원,0
서울,영등포구,한방병원,1
서울,용산구,한방병원,0
서울,은평구,한방병원,2
서울,종로구,한방병원,0
서울,중구,한방병원,1
서울,송파구,한방병원,2
서울,중랑구,한방병원,0
서울,양천구,한방병원,3
서울,서초구,한방병원,5
서울,노원구,한방병원,2
서울,광진구,한방병원,0
서울,강북구,한방병원,0
서울,금천구,한방병원,1
부산,남구,한방병원,0
부산,동구,한방병원,1
부산,동래구,한방병원,0
부산,진구,한방병원,1
부산,북구,한방병원,0
부산,서구,한방병원,1
부산,영도구,한방병원,0
부산,중구,한방병원,1
부산,해운대구,한방병원,1
부산,사하구,한방병원,1
부산,금정구,한방병원,2
부산,강서구,한방병원,0
부산,연제구,한방병원,1
부산,수영구,한방병원,0
부산,사상구,한방병원,0
부산,기장군,한방병원,0
대구,남구,한방병원,0
대구,동구,한방병원,0
대구,북구,한방병원,0
대구,서구,한방병원,0
대구,수성구,한방병원,1
대구,중구,한방병원,1
대구,달서구,한방병원,0
대구,달성군,한방병원,0
인천,남구,한방병원,0
인천,미추홀구,한방병원,6
인천,동구,한방병원,0
인천,부평구,한방병원,7
인천,중구,한방병원,1
인천,서구,한방병원,4
인천,남동구,한방병원,3
인천,연수구,한방병원,1
인천,계양구,한방병원,4
인천,강화군,한방병원,0
인천,옹진군,한방병원,0
광주,동구,한방병원,6
광주,북구,한방병원,32
광주,서구,한방병원,16
광주,광산구,한방병원,16
광주,남구,한방병원,17
대전,유성구,한방병원,0
대전,대덕구,한방병원,0
대전,서구,한방병원,4
대전,동구,한방병원,1
대전,중구,한방병원,1
울산,남구,한방병원,2
울산,동구,한방병원,0
울산,중구,한방병원,0
울산,북구,한방병원,0
울산,울주군,한방병원,0
세종,세종시,한방병원,1
경기,가평군,한방병원,1
경기,양평군,한방병원,1
경기,여주시,한방병원,0
경기,연천군,한방병원,0
경기,광명시,한방병원,0
경기,동두천시,한방병원,0
경기,부천시,한방병원,9
경기,성남시 수정구,한방병원,0
경기,성남시 중원구,한방병원,0
경기,성남시 분당구,한방병원,3
경기,수원시 권선구,한방병원,0
경기,수원시 장안구,한방병원,0
경기,수원시 팔달구,한방병원,2
경기,수원시 영통구,한방병원,1
경기,안양시 만안구,한방병원,2
경기,안양시 동안구,한방병원,0
경기,의정부시,한방병원,3
경기,과천시,한방병원,0
경기,구리시,한방병원,0
경기,안산시 단원구,한방병원,8
경기,안산시 상록구,한방병원,6
경기,평택시,한방병원,0
경기,하남시,한방병원,0
경기,군포시,한방병원,0
경기,남양주시,한방병원,0
경기,의왕시,한방병원,0
경기,시흥시,한방병원,8
경기,오산시,한방병원,1
경기,고양시 덕양구,한방병원,0
경기,고양시 일산 서구,한방병원,0
경기,고양시 일산 동구,한방병원,2
경기,용인기흥구,한방병원,0
경기,용인수지구,한방병원,0
경기,용인처인구,한방병원,0
경기,이천시,한방병원,0
경기,파주시,한방병원,1
경기,김포시,한방병원,2
경기,안성시,한방병원,0
경기,화성시,한방병원,1
경기,광주시,한방병원,0
경기,양주시,한방병원,0
경기,포천시,한방병원,0
강원,고성군,한방병원,0
강원,양구군,한방병원,0
강원,양양군,한방병원,0
강원,영월군,한방병원,0
강원,인제군,한방병원,0
강원,정선군,한방병원,0
강원,철원군,한방병원,0
강원,평창군,한방병원,0
강원,홍천군,한방병원,0
강원,화천군,한방병원,0
강원,횡성군,한방병원,0
강원,강릉시,한방병원,0
강원,동해시,한방병원,0
강원,속초시,한방병원,0
강원,원주시,한방병원,1
강원,춘천시,한방병원,1
강원,태백시,한방병원,0
강원,삼척시,한방병원,0
충북,괴산군,한방병원,0
충북,단양군,한방병원,0
충북,보은군,한방병원,0
충북,영동군,한방병원,0
충북,옥천군,한방병원,0
충북,음성군,한방병원,0
충북,진천군,한방병원,0
충북,증평군,한방병원,0
충북,청주시 상당구,한방병원,3
충북,청주시 흥덕구,한방병원,1
충북,청주시 청원구,한방병원,0
충북,청주시 서원구,한방병원,1
충북,충주시,한방병원,1
충북,제천시,한방병원,2
충남,금산군,한방병원,0
충남,당진시,한방병원,0
충남,부여군,한방병원,0
충남,서천군,한방병원,0
충남,예산군,한방병원,0
충남,청양군,한방병원,0
충남,홍성군,한방병원,1
충남,태안군,한방병원,0
충남,천안시 서북구,한방병원,3
충남,천안시 동남구,한방병원,0
충남,공주시,한방병원,0
충남,보령시,한방병원,0
충남,아산시,한방병원,1
충남,서산시,한방병원,0
충남,논산시,한방병원,0
충남,계룡시,한방병원,0
전북,고창군,한방병원,0
전북,무주군,한방병원,0
전북,부안군,한방병원,0
전북,순창군,한방병원,0
전북,완주군,한방병원,0
전북,임실군,한방병원,0
전북,장수군,한방병원,0
전북,진안군,한방병원,0
전북,군산시,한방병원,1
전북,남원시,한방병원,0
전북,익산시,한방병원,5
전북,전주시 완산구,한방병원,10
전북,전주시 덕진구,한방병원,10
전북,정읍시,한방병원,1
전북,김제시,한방병원,2
전남,강진군,한방병원,0
전남,고흥군,한방병원,0
전남,곡성군,한방병원,0
전남,구례군,한방병원,0
전남,담양군,한방병원,0
전남,무안군,한방병원,2
전남,보성군,한방병원,0
전남,신안군,한방병원,0
전남,영광군,한방병원,0
전남,영암군,한방병원,0
전남,완도군,한방병원,0
전남,장성군,한방병원,0
전남,장흥군,한방병원,1
전남,진도군,한방병원,0
전남,함평군,한방병원,0
전남,해남군,한방병원,0
전남,화순군,한방병원,1
전남,나주시,한방병원,2
전남,목포시,한방병원,9
전남,순천시,한방병원,6
전남,여수시,한방병원,2
전남,광양시,한방병원,1
경북,고령군,한방병원,0
경북,군위군,한방병원,0
경북,봉화군,한방병원,0
경북,성주군,한방병원,0
경북,영덕군,한방병원,0
경북,영양군,한방병원,0
경북,예천군,한방병원,0
경북,울릉군,한방병원,0
경북,울진군,한방병원,0
경북,의성군,한방병원,0
경북,청도군,한방병원,0
경북,청송군,한방병원,0
경북,칠곡군,한방병원,0
경북,경주시,한방병원,1
경북,구미시,한방병원,0
경북,김천시,한방병원,0
경북,안동시,한방병원,0
경북,영주시,한방병원,1
경북,영천시,한방병원,1
경북,포항시 남구,한방병원,1
경북,포항시 북구,한방병원,0
경북,문경시,한방병원,0
경북,상주시,한방병원,0
경북,경산시,한방병원,0
경남,거창군,한방병원,0
경남,고성군,한방병원,0
경남,남해군,한방병원,0
경남,산청군,한방병원,0
경남,의령군,한방병원,0
경남,창녕군,한방병원,0
경남,하동군,한방병원,0
경남,함안군,한방병원,0
경남,함양군,한방병원,0
경남,합천군,한방병원,0
경남,김해시,한방병원,2
경남,사천시,한방병원,0
경남,진주시,한방병원,2
경남,창원시 마산회원구,한방병원,0
경남,창원시 마산합포구,한방병원,0
경남,창원시 진해구,한방병원,0
경남,창원시 의창구,한방병원,0
경남,창원시 성산구,한방병원,2
경남,통영시,한방병원,1
경남,밀양시,한방병원,1
경남,거제시,한방병원,0
경남,양산시,한방병원,1
제주,서귀포시,한방병원,0
제주,제주시,한방병원,0
서울,강남구,한의원,363
서울,강동구,한의원,182
서울,강서구,한의원,187
서울,관악구,한의원,155
서울,구로구,한의원,110
서울,도봉구,한의원,84
서울,동대문구,한의원,164
서울,동작구,한의원,132
서울,마포구,한의원,153
서울,서대문구,한의원,91
서울,성동구,한의원,94
서울,성북구,한의원,112
서울,영등포구,한의원,144
서울,용산구,한의원,62
서울,은평구,한의원,141
서울,종로구,한의원,134
서울,중구,한의원,94
서울,송파구,한의원,250
서울,중랑구,한의원,106
서울,양천구,한의원,152
서울,서초구,한의원,260
서울,노원구,한의원,157
서울,광진구,한의원,121
서울,강북구,한의원,93
서울,금천구,한의원,73
부산,남구,한의원,87
부산,동구,한의원,44
부산,동래구,한의원,115
부산,진구,한의원,157
부산,북구,한의원,81
부산,서구,한의원,36
부산,영도구,한의원,34
부산,중구,한의원,24
부산,해운대구,한의원,134
부산,사하구,한의원,85
부산,금정구,한의원,79
부산,강서구,한의원,21
부산,연제구,한의원,81
부산,수영구,한의원,82
부산,사상구,한의원,42
부산,기장군,한의원,33
대구,남구,한의원,62
대구,동구,한의원,116
대구,북구,한의원,117
대구,서구,한의원,68
대구,수성구,한의원,203
대구,중구,한의원,73
대구,달서구,한의원,172
대구,달성군,한의원,58
인천,남구,한의원,0
인천,미추홀구,한의원,90
인천,동구,한의원,18
인천,부평구,한의원,128
인천,중구,한의원,16
인천,서구,한의원,90
인천,남동구,한의원,143
인천,연수구,한의원,76
인천,계양구,한의원,71
인천,강화군,한의원,15
인천,옹진군,한의원,2
광주,동구,한의원,33
광주,북구,한의원,85
광주,서구,한의원,88
광주,광산구,한의원,68
광주,남구,한의원,44
대전,유성구,한의원,106
대전,대덕구,한의원,48
대전,서구,한의원,192
대전,동구,한의원,81
대전,중구,한의원,85
울산,남구,한의원,123
울산,동구,한의원,37
울산,중구,한의원,48
울산,북구,한의원,32
울산,울주군,한의원,43
세종,세종시,한의원,73
경기,가평군,한의원,16
경기,양평군,한의원,29
경기,여주시,한의원,27
경기,연천군,한의원,7
경기,광명시,한의원,81
경기,동두천시,한의원,16
경기,부천시,한의원,219
경기,성남시 수정구,한의원,74
경기,성남시 중원구,한의원,70
경기,성남시 분당구,한의원,205
경기,수원시 권선구,한의원,78
경기,수원시 장안구,한의원,76
경기,수원시 팔달구,한의원,102
경기,수원시 영통구,한의원,91
경기,안양시 만안구,한의원,66
경기,안양시 동안구,한의원,122
경기,의정부시,한의원,98
경기,과천시,한의원,14
경기,구리시,한의원,64
경기,안산시 단원구,한의원,77
경기,안산시 상록구,한의원,57
경기,평택시,한의원,102
경기,하남시,한의원,57
경기,군포시,한의원,66
경기,남양주시,한의원,131
경기,의왕시,한의원,30
경기,시흥시,한의원,70
경기,오산시,한의원,36
경기,고양시 덕양구,한의원,110
경기,고양시 일산 서구,한의원,90
경기,고양시 일산 동구,한의원,71
경기,용인기흥구,한의원,82
경기,용인수지구,한의원,97
경기,용인처인구,한의원,43
경기,이천시,한의원,44
경기,파주시,한의원,83
경기,김포시,한의원,89
경기,안성시,한의원,32
경기,화성시,한의원,133
경기,광주시,한의원,64
경기,양주시,한의원,28
경기,포천시,한의원,23
강원,고성군,한의원,4
강원,양구군,한의원,4
강원,양양군,한의원,4
강원,영월군,한의원,5
강원,인제군,한의원,5
강원,정선군,한의원,5
강원,철원군,한의원,8
강원,평창군,한의원,10
강원,홍천군,한의원,11
강원,화천군,한의원,4
강원,횡성군,한의원,12
강원,강릉시,한의원,56
강원,동해시,한의원,16
강원,속초시,한의원,23
강원,원주시,한의원,100
강원,춘천시,한의원,69
강원,태백시,한의원,7
강원,삼척시,한의원,11
충북,괴산군,한의원,5
충북,단양군,한의원,4
충북,보은군,한의원,7
충북,영동군,한의원,16
충북,옥천군,한의원,13
충북,음성군,한의원,20
충북,진천군,한의원,16
충북,증평군,한의원,7
충북,청주시 상당구,한의원,56
충북,청주시 흥덕구,한의원,76
충북,청주시 청원구,한의원,39
충북,청주시 서원구,한의원,54
충북,충주시,한의원,45
충북,제천시,한의원,35
충남,금산군,한의원,16
충남,당진시,한의원,33
충남,부여군,한의원,17
충남,서천군,한의원,15
충남,예산군,한의원,23
충남,청양군,한의원,6
충남,홍성군,한의원,22
충남,태안군,한의원,13
충남,천안시 서북구,한의원,94
충남,천안시 동남구,한의원,75
충남,공주시,한의원,32
충남,보령시,한의원,31
충남,아산시,한의원,60
충남,서산시,한의원,35
충남,논산시,한의원,37
충남,계룡시,한의원,12
전북,고창군,한의원,12
전북,무주군,한의원,8
전북,부안군,한의원,17
전북,순창군,한의원,6
전북,완주군,한의원,23
전북,임실군,한의원,8
전북,장수군,한의원,4
전북,진안군,한의원,5
전북,군산시,한의원,74
전북,남원시,한의원,22
전북,익산시,한의원,79
전북,전주시 완산구,한의원,121
전북,전주시 덕진구,한의원,79
전북,정읍시,한의원,32
전북,김제시,한의원,19
전남,강진군,한의원,7
전남,고흥군,한의원,18
전남,곡성군,한의원,5
전남,구례군,한의원,8
전남,담양군,한의원,10
전남,무안군,한의원,16
전남,보성군,한의원,10
전남,신안군,한의원,5
전남,영광군,한의원,15
전남,영암군,한의원,14
전남,완도군,한의원,10
전남,장성군,한의원,10
전남,장흥군,한의원,10
전남,진도군,한의원,7
전남,함평군,한의원,7
전남,해남군,한의원,10
전남,화순군,한의원,11
전남,나주시,한의원,24
전남,목포시,한의원,47
전남,순천시,한의원,53
전남,여수시,한의원,56
전남,광양시,한의원,24
경북,고령군,한의원,11
경북,군위군,한의원,5
경북,봉화군,한의원,7
경북,성주군,한의원,10
경북,영덕군,한의원,9
경북,영양군,한의원,2
경북,예천군,한의원,10
경북,울릉군,한의원,1
경북,울진군,한의원,11
경북,의성군,한의원,10
경북,청도군,한의원,12
경북,청송군,한의원,8
경북,칠곡군,한의원,18
경북,경주시,한의원,67
경북,구미시,한의원,90
경북,김천시,한의원,24
경북,안동시,한의원,43
경북,영주시,한의원,28
경북,영천시,한의원,35
경북,포항시 남구,한의원,63
경북,포항시 북구,한의원,64
경북,문경시,한의원,16
경북,상주시,한의원,25
경북,경산시,한의원,63
경남,거창군,한의원,14
경남,고성군,한의원,12
경남,남해군,한의원,9
경남,산청군,한의원,13
경남,의령군,한의원,7
경남,창녕군,한의원,14
경남,하동군,한의원,9
경남,함안군,한의원,13
경남,함양군,한의원,9
경남,합천군,한의원,14
경남,김해시,한의원,108
경남,사천시,한의원,28
경남,진주시,한의원,92
경남,창원시 마산회원구,한의원,47
경남,창원시 마산합포구,한의원,54
경남,창원시 진해구,한의원,41
경남,창원시 의창구,한의원,56
경남,창원시 성산구,한의원,89
경남,통영시,한의원,27
경남,밀양시,한의원,23
경남,거제시,한의원,45
경남,양산시,한의원,77
제주,서귀포시,한의원,50
제주,제주시,한의원,135
서울,강남구,보건의료원,0
서울,강동구,보건의료원,0
서울,강서구,보건의료원,0
서울,관악구,보건의료원,0
서울,구로구,보건의료원,0
서울,도봉구,보건의료원,0
서울,동대문구,보건의료원,0
서울,동작구,보건의료원,0
서울,마포구,보건의료원,0
서울,서대문구,보건의료원,0
서울,성동구,보건의료원,0
서울,성북구,보건의료원,0
서울,영등포구,보건의료원,0
서울,용산구,보건의료원,0
서울,은평구,보건의료원,0
서울,종로구,보건의료원,0
서울,중구,보건의료원,0
서울,송파구,보건의료원,0
서울,중랑구,보건의료원,0
서울,양천구,보건의료원,0
서울,서초구,보건의료원,0
서울,노원구,보건의료원,0
서울,광진구,보건의료원,0
서울,강북구,보건의료원,0
서울,금천구,보건의료원,0
부산,남구,보건의료원,0
부산,동구,보건의료원,0
부산,동래구,보건의료원,0
부산,진구,보건의료원,0
부산,북구,보건의료원,0
부산,서구,보건의료원,0
부산,영도구,보건의료원,0
부산,중구,보건의료원,0
부산,해운대구,보건의료원,0
부산,사하구,보건의료원,0
부산,금정구,보건의료원,0
부산,강서구,보건의료원,0
부산,연제구,보건의료원,0
부산,수영구,보건의료원,0
부산,사상구,보건의료원,0
부산,기장군,보건의료원,0
대구,남구,보건의료원,0
대구,동구,보건의료원,0
대구,북구,보건의료원,0
대구,서구,보건의료원,0
대구,수성구,보건의료원,0
대구,중구,보건의료원,0
대구,달서구,보건의료원,0
대구,달성군,보건의료원,0
인천,남구,보건의료원,0
인천,미추홀구,보건의료원,0
인천,동구,보건의료원,0
인천,부평구,보건의료원,0
인천,중구,보건의료원,0
인천,서구,보건의료원,0
인천,남동구,보건의료원,0
인천,연수구,보건의료원,0
인천,계양구,보건의료원,0
인천,강화군,보건의료원,0
인천,옹진군,보건의료원,0
광주,동구,보건의료원,0
광주,북구,보건의료원,0
광주,서구,보건의료원,0
광주,광산구,보건의료원,0
광주,남구,보건의료원,0
대전,유성구,보건의료원,0
대전,대덕구,보건의료원,0
대전,서구,보건의료원,0
대전,동구,보건의료원,0
대전,중구,보건의료원,0
울산,남구,보건의료원,0
울산,동구,보건의료원,0
울산,중구,보건의료원,0
울산,북구,보건의료원,0
울산,울주군,보건의료원,0
세종,세종시,보건의료원,0
경기,가평군,보건의료원,0
경기,양평군,보건의료원,0
경기,여주시,보건의료원,0
경기,연천군,보건의료원,1
경기,광명시,보건의료원,0
경기,동두천시,보건의료원,0
경기,부천시,보건의료원,0
경기,성남시 수정구,보건의료원,0
경기,성남시 중원구,보건의료원,0
경기,성남시 분당구,보건의료원,0
경기,수원시 권선구,보건의료원,0
경기,수원시 장안구,보건의료원,0
경기,수원시 팔달구,보건의료원,0
경기,수원시 영통구,보건의료원,0
경기,안양시 만안구,보건의료원,0
경기,안양시 동안구,보건의료원,0
경기,의정부시,보건의료원,0
경기,과천시,보건의료원,0
경기,구리시,보건의료원,0
경기,안산시 단원구,보건의료원,0
경기,안산시 상록구,보건의료원,0
경기,평택시,보건의료원,0
경기,하남시,보건의료원,0
경기,군포시,보건의료원,0
경기,남양주시,보건의료원,0
경기,의왕시,보건의료원,0
경기,시흥시,보건의료원,0
경기,오산시,보건의료원,0
경기,고양시 덕양구,보건의료원,0
경기,고양시 일산 서구,보건의료원,0
경기,고양시 일산 동구,보건의료원,0
경기,용인기흥구,보건의료원,0
경기,용인수지구,보건의료원,0
경기,용인처인구,보건의료원,0
경기,이천시,보건의료원,0
경기,파주시,보건의료원,0
경기,김포시,보건의료원,0
경기,안성시,보건의료원,0
경기,화성시,보건의료원,0
경기,광주시,보건의료원,0
경기,양주시,보건의료원,0
경기,포천시,보건의료원,0
강원,고성군,보건의료원,0
강원,양구군,보건의료원,0
강원,양양군,보건의료원,0
강원,영월군,보건의료원,0
강원,인제군,보건의료원,0
강원,정선군,보건의료원,0
강원,철원군,보건의료원,0
강원,평창군,보건의료원,1
강원,홍천군,보건의료원,0
강원,화천군,보건의료원,1
강원,횡성군,보건의료원,0
강원,강릉시,보건의료원,0
강원,동해시,보건의료원,0
강원,속초시,보건의료원,0
강원,원주시,보건의료원,0
강원,춘천시,보건의료원,0
강원,태백시,보건의료원,0
강원,삼척시,보건의료원,0
충북,괴산군,보건의료원,0
충북,단양군,보건의료원,0
충북,보은군,보건의료원,0
충북,영동군,보건의료원,0
충북,옥천군,보건의료원,0
충북,음성군,보건의료원,0
충북,진천군,보건의료원,0
충북,증평군,보건의료원,0
충북,청주시 상당구,보건의료원,0
충북,청주시 흥덕구,보건의료원,0
충북,청주시 청원구,보건의료원,0
충북,청주시 서원구,보건의료원,0
충북,충주시,보건의료원,0
충북,제천시,보건의료원,0
충남,금산군,보건의료원,0
충남,당진시,보건의료원,0
충남,부여군,보건의료원,0
충남,서천군,보건의료원,0
충남,예산군,보건의료원,0
충남,청양군,보건의료원,1
충남,홍성군,보건의료원,0
충남,태안군,보건의료원,1
충남,천안시 서북구,보건의료원,0
충남,천안시 동남구,보건의료원,0
충남,공주시,보건의료원,0
충남,보령시,보건의료원,0
충남,아산시,보건의료원,0
충남,서산시,보건의료원,0
충남,논산시,보건의료원,0
충남,계룡시,보건의료원,0
전북,고창군,보건의료원,0
전북,무주군,보건의료원,1
전북,부안군,보건의료원,0
전북,순창군,보건의료원,1
전북,완주군,보건의료원,0
전북,임실군,보건의료원,1
전북,장수군,보건의료원,1
전북,진안군,보건의료원,0
전북,군산시,보건의료원,0
전북,남원시,보건의료원,0
전북,익산시,보건의료원,0
전북,전주시 완산구,보건의료원,0
전북,전주시 덕진구,보건의료원,0
전북,정읍시,보건의료원,0
전북,김제시,보건의료원,0
전남,강진군,보건의료원,0
전남,고흥군,보건의료원,0
전남,곡성군,보건의료원,1
전남,구례군,보건의료원,1
전남,담양군,보건의료원,0
전남,무안군,보건의료원,0
전남,보성군,보건의료원,0
전남,신안군,보건의료원,0
전남,영광군,보건의료원,0
전남,영암군,보건의료원,0
전남,완도군,보건의료원,1
전남,장성군,보건의료원,0
전남,장흥군,보건의료원,0
전남,진도군,보건의료원,0
전남,함평군,보건의료원,0
전남,해남군,보건의료원,0
전남,화순군,보건의료원,0
전남,나주시,보건의료원,0
전남,목포시,보건의료원,0
전남,순천시,보건의료원,0
전남,여수시,보건의료원,0
전남,광양시,보건의료원,0
경북,고령군,보건의료원,0
경북,군위군,보건의료원,0
경북,봉화군,보건의료원,0
경북,성주군,보건의료원,0
경북,영덕군,보건의료원,0
경북,영양군,보건의료원,0
경북,예천군,보건의료원,0
경북,울릉군,보건의료원,1
경북,울진군,보건의료원,0
경북,의성군,보건의료원,0
경북,청도군,보건의료원,0
경북,청송군,보건의료원,1
경북,칠곡군,보건의료원,0
경북,경주시,보건의료원,0
경북,구미시,보건의료원,0
경북,김천시,보건의료원,0
경북,안동시,보건의료원,0
경북,영주시,보건의료원,0
경북,영천시,보건의료원,0
경북,포항시 남구,보건의료원,0
경북,포항시 북구,보건의료원,0
경북,문경시,보건의료원,0
경북,상주시,보건의료원,0
경북,경산시,보건의료원,0
경남,거창군,보건의료원,0
경남,고성군,보건의료원,0
경남,남해군,보건의료원,0
경남,산청군,보건의료원,1
경남,의령군,보건의료원,0
경남,창녕군,보건의료원,0
경남,하동군,보건의료원,0
경남,함안군,보건의료원,0
경남,함양군,보건의료원,0
경남,합천군,보건의료원,0
경남,김해시,보건의료원,0
경남,사천시,보건의료원,0
경남,진주시,보건의료원,0
경남,창원시 마산회원구,보건의료원,0
경남,창원시 마산합포구,보건의료원,0
경남,창원시 진해구,보건의료원,0
경남,창원시 의창구,보건의료원,0
경남,창원시 성산구,보건의료원,0
경남,통영시,보건의료원,0
경남,밀양시,보건의료원,0
경남,거제시,보건의료원,0
경남,양산시,보건의료원,0
제주,서귀포시,보건의료원,0
제주,제주시,보건의료원,0
서울,강남구,보건소,1
서울,강동구,보건소,1
서울,강서구,보건소,1
서울,관악구,보건소,1
서울,구로구,보건소,1
서울,도봉구,보건소,1
서울,동대문구,보건소,1
서울,동작구,보건소,1
서울,마포구,보건소,1
서울,서대문구,보건소,1
서울,성동구,보건소,1
서울,성북구,보건소,1
서울,영등포구,보건소,1
서울,용산구,보건소,1
서울,은평구,보건소,1
서울,종로구,보건소,1
서울,중구,보건소,1
서울,송파구,보건소,1
서울,중랑구,보건소,1
서울,양천구,보건소,1
서울,서초구,보건소,1
서울,노원구,보건소,1
서울,광진구,보건소,1
서울,강북구,보건소,1
서울,금천구,보건소,1
부산,남구,보건소,1
부산,동구,보건소,1
부산,동래구,보건소,1
부산,진구,보건소,1
부산,북구,보건소,1
부산,서구,보건소,1
부산,영도구,보건소,1
부산,중구,보건소,1
부산,해운대구,보건소,1
부산,사하구,보건소,1
부산,금정구,보건소,1
부산,강서구,보건소,1
부산,연제구,보건소,1
부산,수영구,보건소,1
부산,사상구,보건소,1
부산,기장군,보건소,1
대구,남구,보건소,1
대구,동구,보건소,1
대구,북구,보건소,1
대구,서구,보건소,1
대구,수성구,보건소,1
대구,중구,보건소,1
대구,달서구,보건소,1
대구,달성군,보건소,1
인천,남구,보건소,0
인천,미추홀구,보건소,2
인천,동구,보건소,1
인천,부평구,보건소,1
인천,중구,보건소,1
인천,서구,보건소,1
인천,남동구,보건소,1
인천,연수구,보건소,1
인천,계양구,보건소,1
인천,강화군,보건소,1
인천,옹진군,보건소,0
광주,동구,보건소,1
광주,북구,보건소,1
광주,서구,보건소,1
광주,광산구,보건소,1
광주,남구,보건소,1
대전,유성구,보건소,1
대전,대덕구,보건소,1
대전,서구,보건소,1
대전,동구,보건소,1
대전,중구,보건소,1
울산,남구,보건소,1
울산,동구,보건소,1
울산,중구,보건소,1
울산,북구,보건소,1
울산,울주군,보건소,1
세종,세종시,보건소,1
경기,가평군,보건소,1
경기,양평군,보건소,1
경기,여주시,보건소,1
경기,연천군,보건소,0
경기,광명시,보건소,1
경기,동두천시,보건소,1
경기,부천시,보건소,3
경기,성남시 수정구,보건소,1
경기,성남시 중원구,보건소,1
경기,성남시 분당구,보건소,1
경기,수원시 권선구,보건소,1
경기,수원시 장안구,보건소,1
경기,수원시 팔달구,보건소,1
경기,수원시 영통구,보건소,1
경기,안양시 만안구,보건소,1
경기,안양시 동안구,보건소,1
경기,의정부시,보건소,1
경기,과천시,보건소,1
경기,구리시,보건소,1
경기,안산시 단원구,보건소,1
경기,안산시 상록구,보건소,1
경기,평택시,보건소,2
경기,하남시,보건소,1
경기,군포시,보건소,1
경기,남양주시,보건소,2
경기,의왕시,보건소,1
경기,시흥시,보건소,1
경기,오산시,보건소,1
경기,고양시 덕양구,보건소,1
경기,고양시 일산 서구,보건소,1
경기,고양시 일산 동구,보건소,1
경기,용인기흥구,보건소,1
경기,용인수지구,보건소,1
경기,용인처인구,보건소,1
경기,이천시,보건소,1
경기,파주시,보건소,1
경기,김포시,보건소,1
경기,안성시,보건소,1
경기,화성시,보건소,1
경기,광주시,보건소,1
경기,양주시,보건소,1
경기,포천시,보건소,1
강원,고성군,보건소,1
강원,양구군,보건소,1
강원,양양군,보건소,1
강원,영월군,보건소,1
강원,인제군,보건소,1
강원,정선군,보건소,1
강원,철원군,보건소,1
강원,평창군,보건소,0
강원,홍천군,보건소,1
강원,화천군,보건소,0
강원,횡성군,보건소,1
강원,강릉시,보건소,1
강원,동해시,보건소,1
강원,속초시,보건소,1
강원,원주시,보건소,1
강원,춘천시,보건소,1
강원,태백시,보건소,1
강원,삼척시,보건소,1
충북,괴산군,보건소,1
충북,단양군,보건소,1
충북,보은군,보건소,1
충북,영동군,보건소,1
충북,옥천군,보건소,1
충북,음성군,보건소,1
충북,진천군,보건소,1
충북,증평군,보건소,1
충북,청주시 상당구,보건소,2
충북,청주시 흥덕구,보건소,0
충북,청주시 청원구,보건소,1
충북,청주시 서원구,보건소,1
충북,충주시,보건소,1
충북,제천시,보건소,1
충남,금산군,보건소,1
충남,당진시,보건소,1
충남,부여군,보건소,1
충남,서천군,보건소,1
충남,예산군,보건소,1
충남,청양군,보건소,0
충남,홍성군,보건소,1
충남,태안군,보건소,0
충남,천안시 서북구,보건소,1
충남,천안시 동남구,보건소,1
충남,공주시,보건소,1
충남,보령시,보건소,1
충남,아산시,보건소,1
충남,서산시,보건소,1
충남,논산시,보건소,1
충남,계룡시,보건소,1
전북,고창군,보건소,1
전북,무주군,보건소,0
전북,부안군,보건소,1
전북,순창군,보건소,0
전북,완주군,보건소,1
전북,임실군,보건소,0
전북,장수군,보건소,0
전북,진안군,보건소,1
전북,군산시,보건소,1
전북,남원시,보건소,1
전북,익산시,보건소,1
전북,전주시 완산구,보건소,1
전북,전주시 덕진구,보건소,0
전북,정읍시,보건소,1
전북,김제시,보건소,1
전남,강진군,보건소,1
전남,고흥군,보건소,1
전남,곡성군,보건소,0
전남,구례군,보건소,0
전남,담양군,보건소,1
전남,무안군,보건소,1
전남,보성군,보건소,1
전남,신안군,보건소,1
전남,영광군,보건소,1
전남,영암군,보건소,1
전남,완도군,보건소,0
전남,장성군,보건소,1
전남,장흥군,보건소,1
전남,진도군,보건소,1
전남,함평군,보건소,1
전남,해남군,보건소,1
전남,화순군,보건소,1
전남,나주시,보건소,1
전남,목포시,보건소,1
전남,순천시,보건소,1
전남,여수시,보건소,1
전남,광양시,보건소,1
경북,고령군,보건소,1
경북,군위군,보건소,1
경북,봉화군,보건소,1
경북,성주군,보건소,1
경북,영덕군,보건소,1
경북,영양군,보건소,1
경북,예천군,보건소,1
경북,울릉군,보건소,0
경북,울진군,보건소,1
경북,의성군,보건소,1
경북,청도군,보건소,1
경북,청송군,보건소,0
경북,칠곡군,보건소,1
경북,경주시,보건소,1
경북,구미시,보건소,2
경북,김천시,보건소,1
경북,안동시,보건소,1
경북,영주시,보건소,1
경북,영천시,보건소,1
경북,포항시 남구,보건소,1
경북,포항시 북구,보건소,1
경북,문경시,보건소,1
경북,상주시,보건소,1
경북,경산시,보건소,1
경남,거창군,보건소,1
경남,고성군,보건소,1
경남,남해군,보건소,1
경남,산청군,보건소,0
경남,의령군,보건소,1
경남,창녕군,보건소,1
경남,하동군,보건소,1
경남,함안군,보건소,1
경남,함양군,보건소,1
경남,합천군,보건소,1
경남,김해시,보건소,1
경남,사천시,보건소,1
경남,진주시,보건소,1
경남,창원시 마산회원구,보건소,0
경남,창원시 마산합포구,보건소,1
경남,창원시 진해구,보건소,1
경남,창원시 의창구,보건소,1
경남,창원시 성산구,보건소,0
경남,통영시,보건소,1
경남,밀양시,보건소,1
경남,거제시,보건소,1
경남,양산시,보건소,1
제주,서귀포시,보건소,3
제주,제주시,보건소,3
서울,강남구,보건지소,0
서울,강동구,보건지소,0
서울,강서구,보건지소,0
서울,관악구,보건지소,0
서울,구로구,보건지소,1
서울,도봉구,보건지소,0
서울,동대문구,보건지소,0
서울,동작구,보건지소,0
서울,마포구,보건지소,0
서울,서대문구,보건지소,1
서울,성동구,보건지소,0
서울,성북구,보건지소,0
서울,영등포구,보건지소,0
서울,용산구,보건지소,0
서울,은평구,보건지소,2
서울,종로구,보건지소,0
서울,중구,보건지소,0
서울,송파구,보건지소,1
서울,중랑구,보건지소,0
서울,양천구,보건지소,0
서울,서초구,보건지소,2
서울,노원구,보건지소,1
서울,광진구,보건지소,0
서울,강북구,보건지소,0
서울,금천구,보건지소,0
부산,남구,보건지소,0
부산,동구,보건지소,0
부산,동래구,보건지소,0
부산,진구,보건지소,0
부산,북구,보건지소,1
부산,서구,보건지소,0
부산,영도구,보건지소,0
부산,중구,보건지소,0
부산,해운대구,보건지소,2
부산,사하구,보건지소,0
부산,금정구,보건지소,0
부산,강서구,보건지소,4
부산,연제구,보건지소,0
부산,수영구,보건지소,0
부산,사상구,보건지소,0
부산,기장군,보건지소,4
대구,남구,보건지소,0
대구,동구,보건지소,0
대구,북구,보건지소,1
대구,서구,보건지소,0
대구,수성구,보건지소,0
대구,중구,보건지소,0
대구,달서구,보건지소,0
대구,달성군,보건지소,8
인천,남구,보건지소,0
인천,미추홀구,보건지소,1
인천,동구,보건지소,0
인천,부평구,보건지소,1
인천,중구,보건지소,2
인천,서구,보건지소,0
인천,남동구,보건지소,0
인천,연수구,보건지소,1
인천,계양구,보건지소,1
인천,강화군,보건지소,13
인천,옹진군,보건지소,8
광주,동구,보건지소,0
광주,북구,보건지소,0
광주,서구,보건지소,0
광주,광산구,보건지소,1
광주,남구,보건지소,0
대전,유성구,보건지소,2
대전,대덕구,보건지소,0
대전,서구,보건지소,2
대전,동구,보건지소,1
대전,중구,보건지소,1
울산,남구,보건지소,1
울산,동구,보건지소,0
울산,중구,보건지소,0
울산,북구,보건지소,0
울산,울주군,보건지소,7
세종,세종시,보건지소,10
경기,가평군,보건지소,5
경기,양평군,보건지소,10
경기,여주시,보건지소,9
경기,연천군,보건지소,7
경기,광명시,보건지소,0
경기,동두천시,보건지소,0
경기,부천시,보건지소,0
경기,성남시 수정구,보건지소,0
경기,성남시 중원구,보건지소,0
경기,성남시 분당구,보건지소,1
경기,수원시 권선구,보건지소,0
경기,수원시 장안구,보건지소,0
경기,수원시 팔달구,보건지소,0
경기,수원시 영통구,보건지소,0
경기,안양시 만안구,보건지소,0
경기,안양시 동안구,보건지소,0
경기,의정부시,보건지소,0
경기,과천시,보건지소,0
경기,구리시,보건지소,2
경기,안산시 단원구,보건지소,2
경기,안산시 상록구,보건지소,2
경기,평택시,보건지소,9
경기,하남시,보건지소,0
경기,군포시,보건지소,1
경기,남양주시,보건지소,6
경기,의왕시,보건지소,1
경기,시흥시,보건지소,1
경기,오산시,보건지소,0
경기,고양시 덕양구,보건지소,0
경기,고양시 일산 서구,보건지소,0
경기,고양시 일산 동구,보건지소,0
경기,용인기흥구,보건지소,0
경기,용인수지구,보건지소,0
경기,용인처인구,보건지소,7
경기,이천시,보건지소,7
경기,파주시,보건지소,6
경기,김포시,보건지소,6
경기,안성시,보건지소,9
경기,화성시,보건지소,16
경기,광주시,보건지소,3
경기,양주시,보건지소,2
경기,포천시,보건지소,13
강원,고성군,보건지소,3
강원,양구군,보건지소,4
강원,양양군,보건지소,5
강원,영월군,보건지소,7
강원,인제군,보건지소,5
강원,정선군,보건지소,7
강원,철원군,보건지소,4
강원,평창군,보건지소,6
강원,홍천군,보건지소,8
강원,화천군,보건지소,4
강원,횡성군,보건지소,8
강원,강릉시,보건지소,7
강원,동해시,보건지소,1
강원,속초시,보건지소,0
강원,원주시,보건지소,9
강원,춘천시,보건지소,10
강원,태백시,보건지소,1
강원,삼척시,보건지소,8
충북,괴산군,보건지소,12
충북,단양군,보건지소,7
충북,보은군,보건지소,7
충북,영동군,보건지소,10
충북,옥천군,보건지소,8
충북,음성군,보건지소,8
충북,진천군,보건지소,7
충북,증평군,보건지소,1
충북,청주시 상당구,보건지소,4
충북,청주시 흥덕구,보건지소,4
충북,청주시 청원구,보건지소,3
충북,청주시 서원구,보건지소,2
충북,충주시,보건지소,13
충북,제천시,보건지소,8
충남,금산군,보건지소,9
충남,당진시,보건지소,11
충남,부여군,보건지소,15
충남,서천군,보건지소,10
충남,예산군,보건지소,12
충남,청양군,보건지소,9
충남,홍성군,보건지소,11
충남,태안군,보건지소,6
충남,천안시 서북구,보건지소,4
충남,천안시 동남구,보건지소,8
충남,공주시,보건지소,10
충남,보령시,보건지소,10
충남,아산시,보건지소,11
충남,서산시,보건지소,10
충남,논산시,보건지소,13
충남,계룡시,보건지소,2
전북,고창군,보건지소,12
전북,무주군,보건지소,5
전북,부안군,보건지소,11
전북,순창군,보건지소,10
전북,완주군,보건지소,12
전북,임실군,보건지소,11
전북,장수군,보건지소,5
전북,진안군,보건지소,10
전북,군산시,보건지소,14
전북,남원시,보건지소,15
전북,익산시,보건지소,15
전북,전주시 완산구,보건지소,0
전북,전주시 덕진구,보건지소,0
전북,정읍시,보건지소,15
전북,김제시,보건지소,14
전남,강진군,보건지소,10
전남,고흥군,보건지소,16
전남,곡성군,보건지소,8
전남,구례군,보건지소,7
전남,담양군,보건지소,11
전남,무안군,보건지소,8
전남,보성군,보건지소,10
전남,신안군,보건지소,16
전남,영광군,보건지소,7
전남,영암군,보건지소,10
전남,완도군,보건지소,12
전남,장성군,보건지소,9
전남,장흥군,보건지소,8
전남,진도군,보건지소,6
전남,함평군,보건지소,8
전남,해남군,보건지소,13
전남,화순군,보건지소,12
전남,나주시,보건지소,13
전남,목포시,보건지소,1
전남,순천시,보건지소,9
전남,여수시,보건지소,12
전남,광양시,보건지소,8
경북,고령군,보건지소,7
경북,군위군,보건지소,7
경북,봉화군,보건지소,9
경북,성주군,보건지소,9
경북,영덕군,보건지소,8
경북,영양군,보건지소,5
경북,예천군,보건지소,10
경북,울릉군,보건지소,2
경북,울진군,보건지소,9
경북,의성군,보건지소,17
경북,청도군,보건지소,8
경북,청송군,보건지소,6
경북,칠곡군,보건지소,7
경북,경주시,보건지소,12
경북,구미시,보건지소,8
경북,김천시,보건지소,15
경북,안동시,보건지소,14
경북,영주시,보건지소,10
경북,영천시,보건지소,11
경북,포항시 남구,보건지소,7
경북,포항시 북구,보건지소,7
경북,문경시,보건지소,9
경북,상주시,보건지소,18
경북,경산시,보건지소,8
경남,거창군,보건지소,11
경남,고성군,보건지소,13
경남,남해군,보건지소,9
경남,산청군,보건지소,9
경남,의령군,보건지소,11
경남,창녕군,보건지소,13
경남,하동군,보건지소,12
경남,함안군,보건지소,5
경남,함양군,보건지소,10
경남,합천군,보건지소,16
경남,김해시,보건지소,8
경남,사천시,보건지소,7
경남,진주시,보건지소,11
경남,창원시 마산회원구,보건지소,2
경남,창원시 마산합포구,보건지소,4
경남,창원시 진해구,보건지소,1
경남,창원시 의창구,보건지소,3
경남,창원시 성산구,보건지소,0
경남,통영시,보건지소,3
경남,밀양시,보건지소,9
경남,거제시,보건지소,10
경남,양산시,보건지소,6
제주,서귀포시,보건지소,5
제주,제주시,보건지소,6
서울,강남구,보건진료소,0
서울,강동구,보건진료소,0
서울,강서구,보건진료소,0
서울,관악구,보건진료소,0
서울,구로구,보건진료소,0
서울,도봉구,보건진료소,0
서울,동대문구,보건진료소,0
서울,동작구,보건진료소,0
서울,마포구,보건진료소,0
서울,서대문구,보건진료소,0
서울,성동구,보건진료소,0
서울,성북구,보건진료소,0
서울,영등포구,보건진료소,0
서울,용산구,보건진료소,0
서울,은평구,보건진료소,0
서울,종로구,보건진료소,0
서울,중구,보건진료소,0
서울,송파구,보건진료소,0
서울,중랑구,보건진료소,0
서울,양천구,보건진료소,0
서울,서초구,보건진료소,0
서울,노원구,보건진료소,0
서울,광진구,보건진료소,0
서울,강북구,보건진료소,0
서울,금천구,보건진료소,0
부산,남구,보건진료소,0
부산,동구,보건진료소,0
부산,동래구,보건진료소,0
부산,진구,보건진료소,0
부산,북구,보건진료소,0
부산,서구,보건진료소,0
부산,영도구,보건진료소,0
부산,중구,보건진료소,0
부산,해운대구,보건진료소,0
부산,사하구,보건진료소,0
부산,금정구,보건진료소,0
부산,강서구,보건진료소,3
부산,연제구,보건진료소,0
부산,수영구,보건진료소,0
부산,사상구,보건진료소,0
부산,기장군,보건진료소,2
대구,남구,보건진료소,0
대구,동구,보건진료소,0
대구,북구,보건진료소,0
대구,서구,보건진료소,0
대구,수성구,보건진료소,0
대구,중구,보건진료소,0
대구,달서구,보건진료소,0
대구,달성군,보건진료소,8
인천,남구,보건진료소,0
인천,미추홀구,보건진료소,0
인천,동구,보건진료소,0
인천,부평구,보건진료소,0
인천,중구,보건진료소,1
인천,서구,보건진료소,0
인천,남동구,보건진료소,0
인천,연수구,보건진료소,0
인천,계양구,보건진료소,0
인천,강화군,보건진료소,13
인천,옹진군,보건진료소,12
광주,동구,보건진료소,0
광주,북구,보건진료소,0
광주,서구,보건진료소,1
광주,광산구,보건진료소,7
광주,남구,보건진료소,2
대전,유성구,보건진료소,4
대전,대덕구,보건진료소,1
대전,서구,보건진료소,1
대전,동구,보건진료소,1
대전,중구,보건진료소,1
울산,남구,보건진료소,0
울산,동구,보건진료소,0
울산,중구,보건진료소,0
울산,북구,보건진료소,2
울산,울주군,보건진료소,9
세종,세종시,보건진료소,7
경기,가평군,보건진료소,15
경기,양평군,보건진료소,16
경기,여주시,보건진료소,13
경기,연천군,보건진료소,7
경기,광명시,보건진료소,0
경기,동두천시,보건진료소,0
경기,부천시,보건진료소,0
경기,성남시 수정구,보건진료소,0
경기,성남시 중원구,보건진료소,0
경기,성남시 분당구,보건진료소,0
경기,수원시 권선구,보건진료소,0
경기,수원시 장안구,보건진료소,0
경기,수원시 팔달구,보건진료소,0
경기,수원시 영통구,보건진료소,0
경기,안양시 만안구,보건진료소,0
경기,안양시 동안구,보건진료소,0
경기,의정부시,보건진료소,0
경기,과천시,보건진료소,0
경기,구리시,보건진료소,0
경기,안산시 단원구,보건진료소,2
경기,안산시 상록구,보건진료소,0
경기,평택시,보건진료소,11
경기,하남시,보건진료소,0
경기,군포시,보건진료소,0
경기,남양주시,보건진료소,3
경기,의왕시,보건진료소,0
경기,시흥시,보건진료소,4
경기,오산시,보건진료소,0
경기,고양시 덕양구,보건진료소,0
경기,고양시 일산 서구,보건진료소,0
경기,고양시 일산 동구,보건진료소,0
경기,용인기흥구,보건진료소,2
경기,용인수지구,보건진료소,1
경기,용인처인구,보건진료소,7
경기,이천시,보건진료소,15
경기,파주시,보건진료소,7
경기,김포시,보건진료소,7
경기,안성시,보건진료소,15
경기,화성시,보건진료소,12
경기,광주시,보건진료소,12
경기,양주시,보건진료소,3
경기,포천시,보건진료소,9
강원,고성군,보건진료소,9
강원,양구군,보건진료소,3
강원,양양군,보건진료소,5
강원,영월군,보건진료소,5
강원,인제군,보건진료소,5
강원,정선군,보건진료소,11
강원,철원군,보건진료소,7
강원,평창군,보건진료소,15
강원,홍천군,보건진료소,18
강원,화천군,보건진료소,6
강원,횡성군,보건진료소,8
강원,강릉시,보건진료소,9
강원,동해시,보건진료소,0
강원,속초시,보건진료소,0
강원,원주시,보건진료소,8
강원,춘천시,보건진료소,13
강원,태백시,보건진료소,1
강원,삼척시,보건진료소,6
충북,괴산군,보건진료소,17
충북,단양군,보건진료소,15
충북,보은군,보건진료소,15
충북,영동군,보건진료소,17
충북,옥천군,보건진료소,16
충북,음성군,보건진료소,18
충북,진천군,보건진료소,7
충북,증평군,보건진료소,1
충북,청주시 상당구,보건진료소,11
충북,청주시 흥덕구,보건진료소,5
충북,청주시 청원구,보건진료소,7
충북,청주시 서원구,보건진료소,2
충북,충주시,보건진료소,16
충북,제천시,보건진료소,11
충남,금산군,보건진료소,8
충남,당진시,보건진료소,19
충남,부여군,보건진료소,20
충남,서천군,보건진료소,17
충남,예산군,보건진료소,16
충남,청양군,보건진료소,13
충남,홍성군,보건진료소,14
충남,태안군,보건진료소,16
충남,천안시 서북구,보건진료소,7
충남,천안시 동남구,보건진료소,11
충남,공주시,보건진료소,19
충남,보령시,보건진료소,17
충남,아산시,보건진료소,16
충남,서산시,보건진료소,15
충남,논산시,보건진료소,26
충남,계룡시,보건진료소,0
전북,고창군,보건진료소,24
전북,무주군,보건진료소,9
전북,부안군,보건진료소,11
전북,순창군,보건진료소,17
전북,완주군,보건진료소,17
전북,임실군,보건진료소,20
전북,장수군,보건진료소,11
전북,진안군,보건진료소,12
전북,군산시,보건진료소,19
전북,남원시,보건진료소,24
전북,익산시,보건진료소,24
전북,전주시 완산구,보건진료소,1
전북,전주시 덕진구,보건진료소,2
전북,정읍시,보건진료소,26
전북,김제시,보건진료소,25
전남,강진군,보건진료소,7
전남,고흥군,보건진료소,26
전남,곡성군,보건진료소,15
전남,구례군,보건진료소,12
전남,담양군,보건진료소,11
전남,무안군,보건진료소,11
전남,보성군,보건진료소,15
전남,신안군,보건진료소,23
전남,영광군,보건진료소,13
전남,영암군,보건진료소,13
전남,완도군,보건진료소,18
전남,장성군,보건진료소,11
전남,장흥군,보건진료소,11
전남,진도군,보건진료소,15
전남,함평군,보건진료소,16
전남,해남군,보건진료소,18
전남,화순군,보건진료소,13
전남,나주시,보건진료소,15
전남,목포시,보건진료소,0
전남,순천시,보건진료소,22
전남,여수시,보건진료소,28
전남,광양시,보건진료소,14
경북,고령군,보건진료소,10
경북,군위군,보건진료소,10
경북,봉화군,보건진료소,7
경북,성주군,보건진료소,11
경북,영덕군,보건진료소,13
경북,영양군,보건진료소,8
경북,예천군,보건진료소,16
경북,울릉군,보건진료소,3
경북,울진군,보건진료소,16
경북,의성군,보건진료소,21
경북,청도군,보건진료소,10
경북,청송군,보건진료소,11
경북,칠곡군,보건진료소,10
경북,경주시,보건진료소,16
경북,구미시,보건진료소,12
경북,김천시,보건진료소,16
경북,안동시,보건진료소,25
경북,영주시,보건진료소,13
경북,영천시,보건진료소,13
경북,포항시 남구,보건진료소,10
경북,포항시 북구,보건진료소,12
경북,문경시,보건진료소,13
경북,상주시,보건진료소,25
경북,경산시,보건진료소,10
경남,거창군,보건진료소,18
경남,고성군,보건진료소,12
경남,남해군,보건진료소,15
경남,산청군,보건진료소,15
경남,의령군,보건진료소,10
경남,창녕군,보건진료소,19
경남,하동군,보건진료소,18
경남,함안군,보건진료소,9
경남,함양군,보건진료소,11
경남,합천군,보건진료소,15
경남,김해시,보건진료소,1
경남,사천시,보건진료소,12
경남,진주시,보건진료소,13
경남,창원시 마산회원구,보건진료소,0
경남,창원시 마산합포구,보건진료소,3
경남,창원시 진해구,보건진료소,1
경남,창원시 의창구,보건진료소,2
경남,창원시 성산구,보건진료소,0
경남,통영시,보건진료소,18
경남,밀양시,보건진료소,15
경남,거제시,보건진료소,12
경남,양산시,보건진료소,2
제주,서귀포시,보건진료소,24
제주,제주시,보건진료소,23
서울,강남구,약국,424
서울,강동구,약국,226
서울,강서구,약국,228
서울,관악구,약국,216
서울,구로구,약국,180
서울,도봉구,약국,115
서울,동대문구,약국,234
서울,동작구,약국,183
서울,마포구,약국,192
서울,서대문구,약국,146
서울,성동구,약국,149
서울,성북구,약국,198
서울,영등포구,약국,245
서울,용산구,약국,129
서울,은평구,약국,200
서울,종로구,약국,165
서울,중구,약국,167
서울,송파구,약국,343
서울,중랑구,약국,176
서울,양천구,약국,186
서울,서초구,약국,232
서울,노원구,약국,224
서울,광진구,약국,169
서울,강북구,약국,163
서울,금천구,약국,119
부산,남구,약국,111
부산,동구,약국,67
부산,동래구,약국,135
부산,진구,약국,184
부산,북구,약국,102
부산,서구,약국,92
부산,영도구,약국,53
부산,중구,약국,41
부산,해운대구,약국,156
부산,사하구,약국,122
부산,금정구,약국,102
부산,강서구,약국,34
부산,연제구,약국,96
부산,수영구,약국,91
부산,사상구,약국,75
부산,기장군,약국,56
대구,남구,약국,105
대구,동구,약국,174
대구,북구,약국,200
대구,서구,약국,109
대구,수성구,약국,189
대구,중구,약국,146
대구,달서구,약국,247
대구,달성군,약국,89
인천,남구,약국,0
인천,미추홀구,약국,173
인천,동구,약국,35
인천,부평구,약국,212
인천,중구,약국,48
인천,서구,약국,156
인천,남동구,약국,216
인천,연수구,약국,95
인천,계양구,약국,113
인천,강화군,약국,22
인천,옹진군,약국,3
광주,동구,약국,96
광주,북구,약국,188
광주,서구,약국,131
광주,광산구,약국,149
광주,남구,약국,100
대전,유성구,약국,133
대전,대덕구,약국,91
대전,서구,약국,239
대전,동구,약국,117
대전,중구,약국,150
울산,남구,약국,152
울산,동구,약국,67
울산,중구,약국,80
울산,북구,약국,46
울산,울주군,약국,58
세종,세종시,약국,115
경기,가평군,약국,24
경기,양평군,약국,40
경기,여주시,약국,48
경기,연천군,약국,22
경기,광명시,약국,113
경기,동두천시,약국,43
경기,부천시,약국,342
경기,성남시 수정구,약국,108
경기,성남시 중원구,약국,101
경기,성남시 분당구,약국,225
경기,수원시 권선구,약국,122
경기,수원시 장안구,약국,106
경기,수원시 팔달구,약국,125
경기,수원시 영통구,약국,116
경기,안양시 만안구,약국,98
경기,안양시 동안구,약국,144
경기,의정부시,약국,186
경기,과천시,약국,21
경기,구리시,약국,92
경기,안산시 단원구,약국,154
경기,안산시 상록구,약국,112
경기,평택시,약국,195
경기,하남시,약국,80
경기,군포시,약국,106
경기,남양주시,약국,216
경기,의왕시,약국,43
경기,시흥시,약국,142
경기,오산시,약국,81
경기,고양시 덕양구,약국,165
경기,고양시 일산 서구,약국,110
경기,고양시 일산 동구,약국,119
경기,용인기흥구,약국,121
경기,용인수지구,약국,114
경기,용인처인구,약국,79
경기,이천시,약국,86
경기,파주시,약국,146
경기,김포시,약국,128
경기,안성시,약국,74
경기,화성시,약국,227
경기,광주시,약국,98
경기,양주시,약국,65
경기,포천시,약국,55
강원,고성군,약국,13
강원,양구군,약국,8
강원,양양군,약국,12
강원,영월군,약국,15
강원,인제군,약국,14
강원,정선군,약국,14
강원,철원군,약국,22
강원,평창군,약국,19
강원,홍천군,약국,25
강원,화천군,약국,8
강원,횡성군,약국,17
강원,강릉시,약국,89
강원,동해시,약국,38
강원,속초시,약국,41
강원,원주시,약국,155
강원,춘천시,약국,120
강원,태백시,약국,20
강원,삼척시,약국,27
충북,괴산군,약국,11
충북,단양군,약국,10
충북,보은군,약국,17
충북,영동군,약국,23
충북,옥천군,약국,21
충북,음성군,약국,41
충북,진천군,약국,28
충북,증평군,약국,22
충북,청주시 상당구,약국,83
충북,청주시 흥덕구,약국,99
충북,청주시 청원구,약국,66
충북,청주시 서원구,약국,92
충북,충주시,약국,83
충북,제천시,약국,51
충남,금산군,약국,33
충남,당진시,약국,62
충남,부여군,약국,33
충남,서천군,약국,27
충남,예산군,약국,42
충남,청양군,약국,14
충남,홍성군,약국,44
충남,태안군,약국,29
충남,천안시 서북구,약국,167
충남,천안시 동남구,약국,106
충남,공주시,약국,55
충남,보령시,약국,45
충남,아산시,약국,108
충남,서산시,약국,68
충남,논산시,약국,59
충남,계룡시,약국,16
전북,고창군,약국,24
전북,무주군,약국,13
전북,부안군,약국,29
전북,순창군,약국,12
전북,완주군,약국,36
전북,임실군,약국,16
전북,장수군,약국,11
전북,진안군,약국,8
전북,군산시,약국,130
전북,남원시,약국,39
전북,익산시,약국,142
전북,전주시 완산구,약국,184
전북,전주시 덕진구,약국,143
전북,정읍시,약국,59
전북,김제시,약국,46
전남,강진군,약국,17
전남,고흥군,약국,30
전남,곡성군,약국,14
전남,구례군,약국,10
전남,담양군,약국,23
전남,무안군,약국,36
전남,보성군,약국,26
전남,신안군,약국,10
전남,영광군,약국,27
전남,영암군,약국,22
전남,완도군,약국,21
전남,장성군,약국,17
전남,장흥군,약국,16
전남,진도군,약국,13
전남,함평군,약국,15
전남,해남군,약국,35
전남,화순군,약국,28
전남,나주시,약국,48
전남,목포시,약국,116
전남,순천시,약국,108
전남,여수시,약국,119
전남,광양시,약국,49
경북,고령군,약국,12
경북,군위군,약국,7
경북,봉화군,약국,9
경북,성주군,약국,18
경북,영덕군,약국,21
경북,영양군,약국,4
경북,예천군,약국,16
경북,울릉군,약국,2
경북,울진군,약국,19
경북,의성군,약국,22
경북,청도군,약국,18
경북,청송군,약국,10
경북,칠곡군,약국,39
경북,경주시,약국,107
경북,구미시,약국,155
경북,김천시,약국,55
경북,안동시,약국,68
경북,영주시,약국,46
경북,영천시,약국,47
경북,포항시 남구,약국,98
경북,포항시 북구,약국,123
경북,문경시,약국,37
경북,상주시,약국,42
경북,경산시,약국,106
경남,거창군,약국,30
경남,고성군,약국,18
경남,남해군,약국,22
경남,산청군,약국,14
경남,의령군,약국,11
경남,창녕군,약국,27
경남,하동군,약국,17
경남,함안군,약국,23
경남,함양군,약국,18
경남,합천군,약국,19
경남,김해시,약국,174
경남,사천시,약국,46
경남,진주시,약국,143
경남,창원시 마산회원구,약국,77
경남,창원시 마산합포구,약국,80
경남,창원시 진해구,약국,69
경남,창원시 의창구,약국,93
경남,창원시 성산구,약국,76
경남,통영시,약국,57
경남,밀양시,약국,46
경남,거제시,약국,75
경남,양산시,약국,121
제주,서귀포시,약국,68
제주,제주시,약국,211
